task_family,variation,provenance_value_minus_flat_m1_success,flat_m1_success,provenance_value_m1_success,provenance_value_minus_flat_m4_success,flat_m4_success,provenance_value_m4_success,provenance_value_minus_flat_m1_reward,flat_m1_reward,provenance_value_m1_reward,provenance_value_minus_flat_m4_reward,flat_m4_reward,provenance_value_m4_reward,provenance_value_minus_flat_m1_final_score,flat_m1_final_score,provenance_value_m1_final_score,provenance_value_minus_flat_m4_final_score,flat_m4_final_score,provenance_value_m4_final_score,provenance_value_minus_flat_m1_steps,flat_m1_steps,provenance_value_m1_steps,provenance_value_minus_flat_m4_steps,flat_m4_steps,provenance_value_m4_steps,provenance_value_minus_flat_m1_unnecessary_actions,flat_m1_unnecessary_actions,provenance_value_m1_unnecessary_actions,provenance_value_minus_flat_m4_unnecessary_actions,flat_m4_unnecessary_actions,provenance_value_m4_unnecessary_actions,provenance_value_minus_flat_m1_calibration_brier,flat_m1_calibration_brier,provenance_value_m1_calibration_brier,provenance_value_minus_flat_m4_calibration_brier,flat_m4_calibration_brier,provenance_value_m4_calibration_brier,provenance_value_minus_flat_m1_charged_tokens,flat_m1_charged_tokens,provenance_value_m1_charged_tokens,provenance_value_minus_flat_m4_charged_tokens,flat_m4_charged_tokens,provenance_value_m4_charged_tokens
find-animal,150,1.0,0.0,1.0,1.0,0.0,1.0,75.0,8.0,83.0,25.0,58.0,83.0,75.0,25.0,100.0,25.0,75.0,100.0,-2.0,8.0,6.0,-2.0,8.0,6.0,-2.0,2.0,0.0,-3.0,3.0,0.0,0.3900000000000001,0.25,0.6400000000000001,0.3900000000000001,0.25,0.6400000000000001,-39171.0,59520.0,20349.0,-50590.0,70939.0,20349.0
find-animal,153,1.0,0.0,1.0,1.0,0.0,1.0,25.0,67.0,92.0,25.0,67.0,92.0,25.0,75.0,100.0,25.0,75.0,100.0,-3.0,8.0,5.0,-3.0,8.0,5.0,-3.0,3.0,0.0,-3.0,3.0,0.0,0.3900000000000001,0.25,0.6400000000000001,0.3900000000000001,0.25,0.6400000000000001,-43199.0,57937.0,14738.0,-54832.0,69570.0,14738.0
find-animal,155,0.0,0.0,0.0,0.0,0.0,0.0,9.0,0.0,9.0,9.0,0.0,9.0,9.0,8.0,17.0,9.0,8.0,17.0,0.0,8.0,8.0,0.0,8.0,8.0,-3.0,5.0,2.0,-3.0,5.0,2.0,-0.21,0.25,0.04000000000000001,-0.21,0.25,0.04000000000000001,-19273.0,51085.0,31812.0,-31139.0,62951.0,31812.0
find-animal,162,0.0,0.0,0.0,0.0,0.0,0.0,9.0,50.0,59.0,9.0,50.0,59.0,9.0,58.0,67.0,9.0,58.0,67.0,0.0,8.0,8.0,0.0,8.0,8.0,0.0,0.0,0.0,-1.0,1.0,0.0,-0.21,0.25,0.04000000000000001,-0.21,0.25,0.04000000000000001,-23503.0,57198.0,33695.0,-31066.0,64761.0,33695.0
find-animal,163,1.0,0.0,1.0,1.0,0.0,1.0,25.0,67.0,92.0,25.0,67.0,92.0,25.0,75.0,100.0,25.0,75.0,100.0,-4.0,8.0,4.0,-4.0,8.0,4.0,-3.0,3.0,0.0,-3.0,3.0,0.0,0.3900000000000001,0.25,0.6400000000000001,0.3900000000000001,0.25,0.6400000000000001,-37226.0,46881.0,9655.0,-50814.0,60469.0,9655.0
find-animal,164,0.0,0.0,0.0,0.0,0.0,0.0,-8.0,17.0,9.0,9.0,0.0,9.0,-8.0,25.0,17.0,9.0,8.0,17.0,0.0,8.0,8.0,0.0,8.0,8.0,-1.0,3.0,2.0,-3.0,5.0,2.0,-0.21,0.25,0.04000000000000001,-0.21,0.25,0.04000000000000001,-14236.0,44342.0,30106.0,-24851.0,54957.0,30106.0
find-animal,165,0.0,0.0,0.0,0.0,0.0,0.0,8.0,67.0,75.0,8.0,67.0,75.0,8.0,75.0,83.0,8.0,75.0,83.0,0.0,8.0,8.0,0.0,8.0,8.0,1.0,3.0,4.0,2.0,2.0,4.0,-0.21,0.25,0.04000000000000001,-0.21,0.25,0.04000000000000001,-21145.0,48724.0,27579.0,-35371.0,62950.0,27579.0
find-animal,166,0.0,0.0,0.0,0.0,0.0,0.0,9.0,0.0,9.0,9.0,0.0,9.0,9.0,8.0,17.0,9.0,8.0,17.0,0.0,8.0,8.0,0.0,8.0,8.0,-6.0,7.0,1.0,-4.0,5.0,1.0,-0.21,0.25,0.04000000000000001,-0.21,0.25,0.04000000000000001,-14490.0,42583.0,28093.0,-27162.0,55255.0,28093.0
find-animal,167,0.0,0.0,0.0,0.0,0.0,0.0,0.0,17.0,17.0,0.0,17.0,17.0,0.0,25.0,25.0,0.0,25.0,25.0,0.0,8.0,8.0,0.0,8.0,8.0,-2.0,5.0,3.0,-2.0,5.0,3.0,0.0,0.04000000000000001,0.04000000000000001,-0.21,0.25,0.04000000000000001,-16970.0,46516.0,29546.0,-28433.0,57979.0,29546.0
find-animal,170,0.0,0.0,0.0,0.0,0.0,0.0,0.0,-108.0,-108.0,0.0,-108.0,-108.0,0.0,-100.0,-100.0,0.0,-100.0,-100.0,0.0,1.0,1.0,0.0,1.0,1.0,0.0,0.0,0.0,0.0,0.0,0.0,-0.21,0.25,0.04000000000000001,-0.21,0.25,0.04000000000000001,-1550.0,3640.0,2090.0,-3062.0,5152.0,2090.0
find-animal,171,0.0,0.0,0.0,0.0,0.0,0.0,0.0,-108.0,-108.0,0.0,-108.0,-108.0,0.0,-100.0,-100.0,0.0,-100.0,-100.0,0.0,1.0,1.0,0.0,1.0,1.0,0.0,0.0,0.0,0.0,0.0,0.0,-0.21,0.25,0.04000000000000001,-0.21,0.25,0.04000000000000001,-1525.0,3153.0,1628.0,-2979.0,4607.0,1628.0
find-animal,172,0.0,0.0,0.0,0.0,0.0,0.0,0.0,0.0,0.0,0.0,0.0,0.0,0.0,8.0,8.0,0.0,8.0,8.0,0.0,8.0,8.0,0.0,8.0,8.0,0.0,6.0,6.0,0.0,6.0,6.0,-0.21,0.25,0.04000000000000001,-0.21,0.25,0.04000000000000001,-19030.0,46193.0,27163.0,-30378.0,57541.0,27163.0
find-animal,173,0.0,0.0,0.0,0.0,0.0,0.0,67.0,0.0,67.0,58.0,9.0,67.0,67.0,8.0,75.0,58.0,17.0,75.0,0.0,8.0,8.0,0.0,8.0,8.0,-4.0,6.0,2.0,-3.0,5.0,2.0,-0.21,0.25,0.04000000000000001,-0.21,0.25,0.04000000000000001,-19798.0,47060.0,27262.0,-32841.0,60103.0,27262.0
find-plant,152,1.0,0.0,1.0,1.0,0.0,1.0,17.0,75.0,92.0,17.0,75.0,92.0,17.0,83.0,100.0,17.0,83.0,100.0,-2.0,8.0,6.0,-2.0,8.0,6.0,0.0,0.0,0.0,-1.0,1.0,0.0,0.3900000000000001,0.25,0.6400000000000001,0.3900000000000001,0.25,0.6400000000000001,-35140.0,58554.0,23414.0,-47768.0,71182.0,23414.0
find-plant,153,1.0,0.0,1.0,1.0,0.0,1.0,92.0,0.0,92.0,92.0,0.0,92.0,92.0,8.0,100.0,92.0,8.0,100.0,-2.0,8.0,6.0,-2.0,8.0,6.0,-7.0,7.0,0.0,-7.0,7.0,0.0,0.3900000000000001,0.25,0.6400000000000001,0.3900000000000001,0.25,0.6400000000000001,-34079.0,55134.0,21055.0,-45772.0,66827.0,21055.0
find-plant,154,0.0,0.0,0.0,0.0,0.0,0.0,67.0,0.0,67.0,67.0,0.0,67.0,67.0,8.0,75.0,67.0,8.0,75.0,0.0,8.0,8.0,0.0,8.0,8.0,-4.0,6.0,2.0,-4.0,6.0,2.0,-0.21,0.25,0.04000000000000001,-0.21,0.25,0.04000000000000001,-16330.0,42994.0,26664.0,-28596.0,55260.0,26664.0
find-plant,158,1.0,0.0,1.0,0.0,1.0,1.0,33.0,59.0,92.0,0.0,92.0,92.0,33.0,67.0,100.0,0.0,100.0,100.0,-4.0,8.0,4.0,-4.0,8.0,4.0,0.0,0.0,0.0,0.0,0.0,0.0,0.3900000000000001,0.25,0.6400000000000001,0.3900000000000001,0.25,0.6400000000000001,-48044.0,59825.0,11781.0,-58703.0,70484.0,11781.0
find-plant,161,0.0,1.0,1.0,0.0,1.0,1.0,0.0,92.0,92.0,0.0,92.0,92.0,0.0,100.0,100.0,0.0,100.0,100.0,-1.0,5.0,4.0,-1.0,5.0,4.0,0.0,0.0,0.0,0.0,0.0,0.0,0.3900000000000001,0.25,0.6400000000000001,0.3900000000000001,0.25,0.6400000000000001,-16033.0,27869.0,11836.0,-23404.0,35240.0,11836.0
find-plant,162,1.0,0.0,1.0,1.0,0.0,1.0,33.0,59.0,92.0,33.0,59.0,92.0,33.0,67.0,100.0,33.0,67.0,100.0,-3.0,8.0,5.0,-3.0,8.0,5.0,-4.0,4.0,0.0,-1.0,1.0,0.0,0.3900000000000001,0.25,0.6400000000000001,0.3900000000000001,0.25,0.6400000000000001,-52570.0,68197.0,15627.0,-59694.0,75321.0,15627.0
find-plant,163,1.0,0.0,1.0,1.0,0.0,1.0,92.0,0.0,92.0,83.0,9.0,92.0,92.0,8.0,100.0,83.0,17.0,100.0,-2.0,8.0,6.0,-2.0,8.0,6.0,-7.0,7.0,0.0,-6.0,6.0,0.0,0.3900000000000001,0.25,0.6400000000000001,0.3900000000000001,0.25,0.6400000000000001,-34744.0,55237.0,20493.0,-46529.0,67022.0,20493.0
find-plant,164,0.0,0.0,0.0,0.0,0.0,0.0,0.0,0.0,0.0,0.0,0.0,0.0,0.0,8.0,8.0,0.0,8.0,8.0,0.0,8.0,8.0,0.0,8.0,8.0,0.0,6.0,6.0,0.0,6.0,6.0,-0.21,0.25,0.04000000000000001,-0.21,0.25,0.04000000000000001,-18700.0,45193.0,26493.0,-30107.0,56600.0,26493.0
find-plant,165,1.0,0.0,1.0,1.0,0.0,1.0,92.0,0.0,92.0,25.0,67.0,92.0,92.0,8.0,100.0,25.0,75.0,100.0,0.0,8.0,8.0,0.0,8.0,8.0,-7.0,7.0,0.0,0.0,0.0,0.0,0.3900000000000001,0.25,0.6400000000000001,0.3900000000000001,0.25,0.6400000000000001,-22472.0,55959.0,33487.0,-33005.0,66492.0,33487.0
find-plant,167,1.0,0.0,1.0,1.0,0.0,1.0,92.0,0.0,92.0,92.0,0.0,92.0,92.0,8.0,100.0,92.0,8.0,100.0,-2.0,8.0,6.0,-2.0,8.0,6.0,-6.0,6.0,0.0,-6.0,6.0,0.0,0.6000000000000001,0.04000000000000001,0.6400000000000001,0.3900000000000001,0.25,0.6400000000000001,-31605.0,51597.0,19992.0,-43032.0,63024.0,19992.0
find-plant,170,0.0,0.0,0.0,0.0,0.0,0.0,0.0,0.0,0.0,0.0,0.0,0.0,0.0,8.0,8.0,0.0,8.0,8.0,0.0,8.0,8.0,0.0,8.0,8.0,0.0,6.0,6.0,0.0,6.0,6.0,-0.21,0.25,0.04000000000000001,-0.21,0.25,0.04000000000000001,-21424.0,50733.0,29309.0,-32958.0,62267.0,29309.0
find-plant,171,1.0,0.0,1.0,1.0,0.0,1.0,92.0,0.0,92.0,92.0,0.0,92.0,92.0,8.0,100.0,92.0,8.0,100.0,-1.0,8.0,7.0,-1.0,8.0,7.0,-5.0,5.0,0.0,-5.0,5.0,0.0,0.6000000000000001,0.04000000000000001,0.6400000000000001,0.3900000000000001,0.25,0.6400000000000001,-32745.0,58968.0,26223.0,-37033.0,63256.0,26223.0
find-plant,172,0.0,0.0,0.0,0.0,0.0,0.0,0.0,0.0,0.0,0.0,0.0,0.0,0.0,8.0,8.0,0.0,8.0,8.0,0.0,8.0,8.0,0.0,8.0,8.0,1.0,6.0,7.0,1.0,6.0,7.0,-0.21,0.25,0.04000000000000001,-0.21,0.25,0.04000000000000001,-18892.0,45521.0,26629.0,-30526.0,57155.0,26629.0
find-plant,173,0.0,0.0,0.0,0.0,0.0,0.0,9.0,0.0,9.0,9.0,0.0,9.0,9.0,8.0,17.0,9.0,8.0,17.0,0.0,8.0,8.0,0.0,8.0,8.0,-1.0,6.0,5.0,-1.0,6.0,5.0,-0.21,0.25,0.04000000000000001,-0.21,0.25,0.04000000000000001,-17585.0,42078.0,24493.0,-30901.0,55394.0,24493.0
