task_type,game_id,duplication,metric,provenance_value_minus_flat
1,e96f2b33aa0c,1,success,0.0
1,e96f2b33aa0c,1,reward,0.0
1,e96f2b33aa0c,1,final_score,0.0
1,e96f2b33aa0c,1,steps,4.0
1,e96f2b33aa0c,1,unnecessary_actions,3.0
1,e96f2b33aa0c,1,charged_tokens,467.0
1,e96f2b33aa0c,1,root_confidence_delta,-0.050000000000000044
1,e96f2b33aa0c,4,success,0.0
1,e96f2b33aa0c,4,reward,0.0
1,e96f2b33aa0c,4,final_score,0.0
1,e96f2b33aa0c,4,steps,4.0
1,e96f2b33aa0c,4,unnecessary_actions,3.0
1,e96f2b33aa0c,4,charged_tokens,-5628.0
1,e96f2b33aa0c,4,root_confidence_delta,-0.050000000000000044
2,41ffce5fab56,1,success,0.0
2,41ffce5fab56,1,reward,0.0
2,41ffce5fab56,1,final_score,0.0
2,41ffce5fab56,1,steps,0.0
2,41ffce5fab56,1,unnecessary_actions,-3.0
2,41ffce5fab56,1,charged_tokens,-14828.0
2,41ffce5fab56,1,root_confidence_delta,0.39999999999999997
2,41ffce5fab56,4,success,0.0
2,41ffce5fab56,4,reward,0.0
2,41ffce5fab56,4,final_score,0.0
2,41ffce5fab56,4,steps,0.0
2,41ffce5fab56,4,unnecessary_actions,-3.0
2,41ffce5fab56,4,charged_tokens,-26112.0
2,41ffce5fab56,4,root_confidence_delta,0.39999999999999997
3,4bf4541aaa91,1,success,0.0
3,4bf4541aaa91,1,reward,0.0
3,4bf4541aaa91,1,final_score,0.0
3,4bf4541aaa91,1,steps,0.0
3,4bf4541aaa91,1,unnecessary_actions,0.0
3,4bf4541aaa91,1,charged_tokens,-13051.0
3,4bf4541aaa91,1,root_confidence_delta,0.49999999999999994
3,4bf4541aaa91,4,success,0.0
3,4bf4541aaa91,4,reward,0.0
3,4bf4541aaa91,4,final_score,0.0
3,4bf4541aaa91,4,steps,0.0
3,4bf4541aaa91,4,unnecessary_actions,0.0
3,4bf4541aaa91,4,charged_tokens,-24455.0
3,4bf4541aaa91,4,root_confidence_delta,0.0
4,1a3e2ee876a8,1,success,0.0
4,1a3e2ee876a8,1,reward,0.0
4,1a3e2ee876a8,1,final_score,0.0
4,1a3e2ee876a8,1,steps,0.0
4,1a3e2ee876a8,1,unnecessary_actions,0.0
4,1a3e2ee876a8,1,charged_tokens,-14960.0
4,1a3e2ee876a8,1,root_confidence_delta,0.0
4,1a3e2ee876a8,4,success,0.0
4,1a3e2ee876a8,4,reward,0.0
4,1a3e2ee876a8,4,final_score,0.0
4,1a3e2ee876a8,4,steps,0.0
4,1a3e2ee876a8,4,unnecessary_actions,0.0
4,1a3e2ee876a8,4,charged_tokens,-26453.0
4,1a3e2ee876a8,4,root_confidence_delta,-0.49999999999999994
5,1fe1f40d92c6,1,success,0.0
5,1fe1f40d92c6,1,reward,0.0
5,1fe1f40d92c6,1,final_score,0.0
5,1fe1f40d92c6,1,steps,4.0
5,1fe1f40d92c6,1,unnecessary_actions,4.0
5,1fe1f40d92c6,1,charged_tokens,1643.0
5,1fe1f40d92c6,1,root_confidence_delta,0.050000000000000044
5,1fe1f40d92c6,4,success,0.0
5,1fe1f40d92c6,4,reward,0.0
5,1fe1f40d92c6,4,final_score,0.0
5,1fe1f40d92c6,4,steps,3.0
5,1fe1f40d92c6,4,unnecessary_actions,3.0
5,1fe1f40d92c6,4,charged_tokens,-9461.0
5,1fe1f40d92c6,4,root_confidence_delta,0.0
6,5873882cc901,1,success,0.0
6,5873882cc901,1,reward,0.0
6,5873882cc901,1,final_score,0.0
6,5873882cc901,1,steps,0.0
6,5873882cc901,1,unnecessary_actions,0.0
6,5873882cc901,1,charged_tokens,-12159.0
6,5873882cc901,1,root_confidence_delta,0.0
6,5873882cc901,4,success,0.0
6,5873882cc901,4,reward,0.0
6,5873882cc901,4,final_score,0.0
6,5873882cc901,4,steps,0.0
6,5873882cc901,4,unnecessary_actions,0.0
6,5873882cc901,4,charged_tokens,-23218.0
6,5873882cc901,4,root_confidence_delta,0.0
