task_family,duplication,metric,n_episodes,estimate,ci95_low,ci95_high,bootstrap_draws
find-animal,1,success,1,0.0,0.0,0.0,20000
find-animal,4,success,1,0.0,0.0,0.0,20000
find-animal,1,final_score,1,0.0,0.0,0.0,20000
find-animal,4,final_score,1,0.0,0.0,0.0,20000
find-animal,1,reward,1,0.0,0.0,0.0,20000
find-animal,4,reward,1,0.0,0.0,0.0,20000
find-animal,1,steps,1,0.0,0.0,0.0,20000
find-animal,4,steps,1,0.0,0.0,0.0,20000
find-animal,1,charged_tokens,1,-1525.0,-1525.0,-1525.0,20000
find-animal,4,charged_tokens,1,-2979.0,-2979.0,-2979.0,20000
find-animal,1,repeated_no_visible_change,1,0.0,0.0,0.0,20000
find-animal,4,repeated_no_visible_change,1,0.0,0.0,0.0,20000
find-plant,1,success,1,0.0,0.0,0.0,20000
find-plant,4,success,1,0.0,0.0,0.0,20000
find-plant,1,final_score,1,0.0,0.0,0.0,20000
find-plant,4,final_score,1,0.0,0.0,0.0,20000
find-plant,1,reward,1,0.0,0.0,0.0,20000
find-plant,4,reward,1,0.0,0.0,0.0,20000
find-plant,1,steps,1,0.0,0.0,0.0,20000
find-plant,4,steps,1,0.0,0.0,0.0,20000
find-plant,1,charged_tokens,1,-21424.0,-21424.0,-21424.0,20000
find-plant,4,charged_tokens,1,-32958.0,-32958.0,-32958.0,20000
find-plant,1,repeated_no_visible_change,1,0.0,0.0,0.0,20000
find-plant,4,repeated_no_visible_change,1,0.0,0.0,0.0,20000
