task,duplication,metric,n_states,estimate,ci95_low,ci95_high
all,1,absolute_confidence_change,12,0.0,0.0,0.0
all,1,absolute_drift_excess_over_repeat,12,0.0,0.0,0.0
all,1,action_flip,12,0.0,0.0,0.0
all,1,confidence_delta,12,0.0,0.0,0.0
all,1,dedup_minus_flat_immediate_reward,12,0.0,0.0,0.0
all,1,flip_excess_over_repeat,12,0.0,0.0,0.0
all,1,identical_input_absolute_confidence_change,12,0.0,0.0,0.0
all,1,identical_input_action_flip,12,0.0,0.0,0.0
all,1,provenance_minus_flat_immediate_reward,12,0.08333333333333333,-2.0,2.25
all,1,reward_change_from_m1,12,0.0,0.0,0.0
all,2,absolute_confidence_change,12,0.01944444444444444,0.0,0.044444444444444446
all,2,absolute_drift_excess_over_repeat,12,0.01944444444444444,0.0,0.044444444444444446
all,2,action_flip,12,0.0,0.0,0.0
all,2,confidence_delta,12,0.008333333333333333,-0.011111111111111108,0.036111111111111115
all,2,dedup_minus_flat_immediate_reward,12,0.0,0.0,0.0
all,2,flip_excess_over_repeat,12,0.0,0.0,0.0
all,2,identical_input_absolute_confidence_change,12,0.0,0.0,0.0
all,2,identical_input_action_flip,12,0.0,0.0,0.0
all,2,provenance_minus_flat_immediate_reward,12,0.08333333333333333,-2.0,2.25
all,2,reward_change_from_m1,12,0.0,0.0,0.0
all,4,absolute_confidence_change,12,0.04861111111111111,0.0027777777777777744,0.12222222222222225
all,4,absolute_drift_excess_over_repeat,12,0.04861111111111111,0.0027777777777777744,0.12222222222222225
all,4,action_flip,12,0.027777777777777776,0.0,0.08333333333333333
all,4,confidence_delta,12,0.04305555555555556,-0.004166666666666667,0.11666666666666668
all,4,dedup_minus_flat_immediate_reward,12,-0.2222222222222222,-0.6666666666666666,0.0
all,4,flip_excess_over_repeat,12,0.027777777777777776,0.0,0.08333333333333333
all,4,identical_input_absolute_confidence_change,12,0.0,0.0,0.0
all,4,identical_input_action_flip,12,0.0,0.0,0.0
all,4,provenance_minus_flat_immediate_reward,12,-0.13888888888888884,-2.0000000000000004,2.027777777777778
all,4,reward_change_from_m1,12,0.2222222222222222,0.0,0.6666666666666666
all,8,absolute_confidence_change,12,0.05833333333333333,0.005555555555555549,0.13333333333333333
all,8,absolute_drift_excess_over_repeat,12,0.05833333333333333,0.005555555555555549,0.13333333333333333
all,8,action_flip,12,0.0,0.0,0.0
all,8,confidence_delta,12,0.041666666666666664,-0.013888888888888888,0.11944444444444446
all,8,dedup_minus_flat_immediate_reward,12,0.0,0.0,0.0
all,8,flip_excess_over_repeat,12,0.0,0.0,0.0
all,8,identical_input_absolute_confidence_change,12,0.0,0.0,0.0
all,8,identical_input_action_flip,12,0.0,0.0,0.0
all,8,provenance_minus_flat_immediate_reward,12,0.08333333333333333,-2.0,2.25
all,8,reward_change_from_m1,12,0.0,0.0,0.0
find-animal,1,absolute_confidence_change,6,0.0,0.0,0.0
find-animal,1,absolute_drift_excess_over_repeat,6,0.0,0.0,0.0
find-animal,1,action_flip,6,0.0,0.0,0.0
find-animal,1,confidence_delta,6,0.0,0.0,0.0
find-animal,1,dedup_minus_flat_immediate_reward,6,0.0,0.0,0.0
find-animal,1,flip_excess_over_repeat,6,0.0,0.0,0.0
find-animal,1,identical_input_absolute_confidence_change,6,0.0,0.0,0.0
find-animal,1,identical_input_action_flip,6,0.0,0.0,0.0
find-animal,1,provenance_minus_flat_immediate_reward,6,1.5,0.0,4.5
find-animal,1,reward_change_from_m1,6,0.0,0.0,0.0
find-animal,2,absolute_confidence_change,6,0.005555555555555554,0.0,0.016666666666666663
find-animal,2,absolute_drift_excess_over_repeat,6,0.005555555555555554,0.0,0.016666666666666663
find-animal,2,action_flip,6,0.0,0.0,0.0
find-animal,2,confidence_delta,6,0.005555555555555554,0.0,0.016666666666666663
find-animal,2,dedup_minus_flat_immediate_reward,6,0.0,0.0,0.0
find-animal,2,flip_excess_over_repeat,6,0.0,0.0,0.0
find-animal,2,identical_input_absolute_confidence_change,6,0.0,0.0,0.0
find-animal,2,identical_input_action_flip,6,0.0,0.0,0.0
find-animal,2,provenance_minus_flat_immediate_reward,6,1.5,0.0,4.5
find-animal,2,reward_change_from_m1,6,0.0,0.0,0.0
find-animal,4,absolute_confidence_change,6,0.022222222222222223,0.0,0.06666666666666667
find-animal,4,absolute_drift_excess_over_repeat,6,0.022222222222222223,0.0,0.06666666666666667
find-animal,4,action_flip,6,0.0,0.0,0.0
find-animal,4,confidence_delta,6,0.022222222222222223,0.0,0.06666666666666667
find-animal,4,dedup_minus_flat_immediate_reward,6,0.0,0.0,0.0
find-animal,4,flip_excess_over_repeat,6,0.0,0.0,0.0
find-animal,4,identical_input_absolute_confidence_change,6,0.0,0.0,0.0
find-animal,4,identical_input_action_flip,6,0.0,0.0,0.0
find-animal,4,provenance_minus_flat_immediate_reward,6,1.5,0.0,4.5
find-animal,4,reward_change_from_m1,6,0.0,0.0,0.0
find-animal,8,absolute_confidence_change,6,0.027777777777777773,0.0,0.08333333333333331
find-animal,8,absolute_drift_excess_over_repeat,6,0.027777777777777773,0.0,0.08333333333333331
find-animal,8,action_flip,6,0.0,0.0,0.0
find-animal,8,confidence_delta,6,0.027777777777777773,0.0,0.08333333333333331
find-animal,8,dedup_minus_flat_immediate_reward,6,0.0,0.0,0.0
find-animal,8,flip_excess_over_repeat,6,0.0,0.0,0.0
find-animal,8,identical_input_absolute_confidence_change,6,0.0,0.0,0.0
find-animal,8,identical_input_action_flip,6,0.0,0.0,0.0
find-animal,8,provenance_minus_flat_immediate_reward,6,1.5,0.0,4.5
find-animal,8,reward_change_from_m1,6,0.0,0.0,0.0
find-plant,1,absolute_confidence_change,6,0.0,0.0,0.0
find-plant,1,absolute_drift_excess_over_repeat,6,0.0,0.0,0.0
find-plant,1,action_flip,6,0.0,0.0,0.0
find-plant,1,confidence_delta,6,0.0,0.0,0.0
find-plant,1,dedup_minus_flat_immediate_reward,6,0.0,0.0,0.0
find-plant,1,flip_excess_over_repeat,6,0.0,0.0,0.0
find-plant,1,identical_input_absolute_confidence_change,6,0.0,0.0,0.0
find-plant,1,identical_input_action_flip,6,0.0,0.0,0.0
find-plant,1,provenance_minus_flat_immediate_reward,6,-1.3333333333333333,-4.0,0.0
find-plant,1,reward_change_from_m1,6,0.0,0.0,0.0
find-plant,2,absolute_confidence_change,6,0.03333333333333333,0.0,0.07777777777777778
find-plant,2,absolute_drift_excess_over_repeat,6,0.03333333333333333,0.0,0.07777777777777778
find-plant,2,action_flip,6,0.0,0.0,0.0
find-plant,2,confidence_delta,6,0.011111111111111113,-0.033333333333333326,0.06666666666666667
find-plant,2,dedup_minus_flat_immediate_reward,6,0.0,0.0,0.0
find-plant,2,flip_excess_over_repeat,6,0.0,0.0,0.0
find-plant,2,identical_input_absolute_confidence_change,6,0.0,0.0,0.0
find-plant,2,identical_input_action_flip,6,0.0,0.0,0.0
find-plant,2,provenance_minus_flat_immediate_reward,6,-1.3333333333333333,-4.0,0.0
find-plant,2,reward_change_from_m1,6,0.0,0.0,0.0
find-plant,4,absolute_confidence_change,6,0.07500000000000001,0.0027777777777777744,0.2055555555555556
find-plant,4,absolute_drift_excess_over_repeat,6,0.07500000000000001,0.0027777777777777744,0.2055555555555556
find-plant,4,action_flip,6,0.05555555555555555,0.0,0.16666666666666666
find-plant,4,confidence_delta,6,0.0638888888888889,-0.013888888888888888,0.20000000000000004
find-plant,4,dedup_minus_flat_immediate_reward,6,-0.4444444444444444,-1.3333333333333333,0.0
find-plant,4,flip_excess_over_repeat,6,0.05555555555555555,0.0,0.16666666666666666
find-plant,4,identical_input_absolute_confidence_change,6,0.0,0.0,0.0
find-plant,4,identical_input_action_flip,6,0.0,0.0,0.0
find-plant,4,provenance_minus_flat_immediate_reward,6,-1.7777777777777777,-4.444444444444444,0.0
find-plant,4,reward_change_from_m1,6,0.4444444444444444,0.0,1.3333333333333333
find-plant,8,absolute_confidence_change,6,0.08888888888888889,0.005555555555555549,0.2166666666666667
find-plant,8,absolute_drift_excess_over_repeat,6,0.08888888888888889,0.005555555555555549,0.2166666666666667
find-plant,8,action_flip,6,0.0,0.0,0.0
find-plant,8,confidence_delta,6,0.05555555555555556,-0.04444444444444443,0.20000000000000004
find-plant,8,dedup_minus_flat_immediate_reward,6,0.0,0.0,0.0
find-plant,8,flip_excess_over_repeat,6,0.0,0.0,0.0
find-plant,8,identical_input_absolute_confidence_change,6,0.0,0.0,0.0
find-plant,8,identical_input_action_flip,6,0.0,0.0,0.0
find-plant,8,provenance_minus_flat_immediate_reward,6,-1.3333333333333333,-4.0,0.0
find-plant,8,reward_change_from_m1,6,0.0,0.0,0.0
