state_id,task,rep,duplication,confidence_delta,absolute_confidence_change,action_flip,identical_input_action_flip,identical_input_absolute_confidence_change,flip_excess_over_repeat,absolute_drift_excess_over_repeat,reward_change_from_m1,dedup_minus_flat_immediate_reward,provenance_minus_flat_immediate_reward
find-plant-v156-s1,find-plant,0,1,0.0,0.0,0,0.0,0.0,0.0,0.0,0.0,0.0,0.0
find-plant-v156-s1,find-plant,0,2,0.0,0.0,0,0.0,0.0,0.0,0.0,0.0,0.0,0.0
find-plant-v156-s1,find-plant,0,4,0.4,0.4,0,0.0,0.0,0.0,0.4,0.0,0.0,0.0
find-plant-v156-s1,find-plant,0,8,0.4,0.4,0,0.0,0.0,0.0,0.4,0.0,0.0,0.0
find-plant-v156-s1,find-plant,1,1,0.0,0.0,0,0.0,0.0,0.0,0.0,0.0,0.0,0.0
find-plant-v156-s1,find-plant,1,2,0.0,0.0,0,0.0,0.0,0.0,0.0,0.0,0.0,0.0
find-plant-v156-s1,find-plant,1,4,0.4,0.4,0,0.0,0.0,0.0,0.4,0.0,0.0,0.0
find-plant-v156-s1,find-plant,1,8,0.4,0.4,0,0.0,0.0,0.0,0.4,0.0,0.0,0.0
find-plant-v156-s1,find-plant,2,1,0.0,0.0,0,0.0,0.0,0.0,0.0,0.0,0.0,0.0
find-plant-v156-s1,find-plant,2,2,0.4,0.4,0,0.0,0.0,0.0,0.4,0.0,0.0,0.0
find-plant-v156-s1,find-plant,2,4,0.4,0.4,0,0.0,0.0,0.0,0.4,0.0,0.0,0.0
find-plant-v156-s1,find-plant,2,8,0.4,0.4,0,0.0,0.0,0.0,0.4,0.0,0.0,0.0
find-plant-v157-s1,find-plant,0,1,0.0,0.0,0,0.0,0.0,0.0,0.0,0.0,0.0,0.0
find-plant-v157-s1,find-plant,0,2,0.0,0.0,0,0.0,0.0,0.0,0.0,0.0,0.0,0.0
find-plant-v157-s1,find-plant,0,4,0.0,0.0,0,0.0,0.0,0.0,0.0,0.0,0.0,0.0
find-plant-v157-s1,find-plant,0,8,0.0,0.0,0,0.0,0.0,0.0,0.0,0.0,0.0,0.0
find-plant-v157-s1,find-plant,1,1,0.0,0.0,0,0.0,0.0,0.0,0.0,0.0,0.0,0.0
find-plant-v157-s1,find-plant,1,2,0.0,0.0,0,0.0,0.0,0.0,0.0,0.0,0.0,0.0
find-plant-v157-s1,find-plant,1,4,0.0,0.0,0,0.0,0.0,0.0,0.0,0.0,0.0,0.0
find-plant-v157-s1,find-plant,1,8,0.0,0.0,0,0.0,0.0,0.0,0.0,0.0,0.0,0.0
find-plant-v157-s1,find-plant,2,1,0.0,0.0,0,0.0,0.0,0.0,0.0,0.0,0.0,0.0
find-plant-v157-s1,find-plant,2,2,0.0,0.0,0,0.0,0.0,0.0,0.0,0.0,0.0,0.0
find-plant-v157-s1,find-plant,2,4,0.0,0.0,0,0.0,0.0,0.0,0.0,0.0,0.0,0.0
find-plant-v157-s1,find-plant,2,8,0.0,0.0,0,0.0,0.0,0.0,0.0,0.0,0.0,0.0
find-plant-v158-s1,find-plant,0,1,0.0,0.0,0,0.0,0.0,0.0,0.0,0.0,0.0,0.0
find-plant-v158-s1,find-plant,0,2,-0.09999999999999998,0.09999999999999998,0,0.0,0.0,0.0,0.09999999999999998,0.0,0.0,0.0
find-plant-v158-s1,find-plant,0,4,0.0,0.0,0,0.0,0.0,0.0,0.0,0.0,0.0,0.0
find-plant-v158-s1,find-plant,0,8,-0.09999999999999998,0.09999999999999998,0,0.0,0.0,0.0,0.09999999999999998,0.0,0.0,0.0
find-plant-v158-s1,find-plant,1,1,0.0,0.0,0,0.0,0.0,0.0,0.0,0.0,0.0,0.0
find-plant-v158-s1,find-plant,1,2,-0.09999999999999998,0.09999999999999998,0,0.0,0.0,0.0,0.09999999999999998,0.0,0.0,0.0
find-plant-v158-s1,find-plant,1,4,-0.09999999999999998,0.09999999999999998,1,0.0,0.0,1.0,0.09999999999999998,8.0,-8.0,-8.0
find-plant-v158-s1,find-plant,1,8,-0.09999999999999998,0.09999999999999998,0,0.0,0.0,0.0,0.09999999999999998,0.0,0.0,0.0
find-plant-v158-s1,find-plant,2,1,0.0,0.0,0,0.0,0.0,0.0,0.0,0.0,0.0,0.0
find-plant-v158-s1,find-plant,2,2,0.0,0.0,0,0.0,0.0,0.0,0.0,0.0,0.0,0.0
find-plant-v158-s1,find-plant,2,4,0.0,0.0,0,0.0,0.0,0.0,0.0,0.0,0.0,0.0
find-plant-v158-s1,find-plant,2,8,-0.09999999999999998,0.09999999999999998,0,0.0,0.0,0.0,0.09999999999999998,0.0,0.0,0.0
find-plant-v159-s1,find-plant,0,1,0.0,0.0,0,0.0,0.0,0.0,0.0,0.0,0.0,0.0
find-plant-v159-s1,find-plant,0,2,0.0,0.0,0,0.0,0.0,0.0,0.0,0.0,0.0,0.0
find-plant-v159-s1,find-plant,0,4,0.0,0.0,0,0.0,0.0,0.0,0.0,0.0,0.0,0.0
find-plant-v159-s1,find-plant,0,8,0.0,0.0,0,0.0,0.0,0.0,0.0,0.0,0.0,0.0
find-plant-v159-s1,find-plant,1,1,0.0,0.0,0,0.0,0.0,0.0,0.0,0.0,0.0,0.0
find-plant-v159-s1,find-plant,1,2,0.0,0.0,0,0.0,0.0,0.0,0.0,0.0,0.0,0.0
find-plant-v159-s1,find-plant,1,4,0.0,0.0,0,0.0,0.0,0.0,0.0,0.0,0.0,0.0
find-plant-v159-s1,find-plant,1,8,0.0,0.0,0,0.0,0.0,0.0,0.0,0.0,0.0,0.0
find-plant-v159-s1,find-plant,2,1,0.0,0.0,0,0.0,0.0,0.0,0.0,0.0,0.0,0.0
find-plant-v159-s1,find-plant,2,2,0.0,0.0,0,0.0,0.0,0.0,0.0,0.0,0.0,0.0
find-plant-v159-s1,find-plant,2,4,0.0,0.0,0,0.0,0.0,0.0,0.0,0.0,0.0,0.0
find-plant-v159-s1,find-plant,2,8,0.0,0.0,0,0.0,0.0,0.0,0.0,0.0,0.0,0.0
find-plant-v160-s1,find-plant,0,1,0.0,0.0,0,0.0,0.0,0.0,0.0,0.0,0.0,0.0
find-plant-v160-s1,find-plant,0,2,0.0,0.0,0,0.0,0.0,0.0,0.0,0.0,0.0,0.0
find-plant-v160-s1,find-plant,0,4,0.0,0.0,0,0.0,0.0,0.0,0.0,0.0,0.0,0.0
find-plant-v160-s1,find-plant,0,8,0.0,0.0,0,0.0,0.0,0.0,0.0,0.0,0.0,0.0
find-plant-v160-s1,find-plant,1,1,0.0,0.0,0,0.0,0.0,0.0,0.0,0.0,0.0,0.0
find-plant-v160-s1,find-plant,1,2,0.0,0.0,0,0.0,0.0,0.0,0.0,0.0,0.0,0.0
find-plant-v160-s1,find-plant,1,4,0.0,0.0,0,0.0,0.0,0.0,0.0,0.0,0.0,0.0
find-plant-v160-s1,find-plant,1,8,0.0,0.0,0,0.0,0.0,0.0,0.0,0.0,0.0,0.0
find-plant-v160-s1,find-plant,2,1,0.0,0.0,0,0.0,0.0,0.0,0.0,0.0,0.0,0.0
find-plant-v160-s1,find-plant,2,2,0.0,0.0,0,0.0,0.0,0.0,0.0,0.0,0.0,0.0
find-plant-v160-s1,find-plant,2,4,0.0,0.0,0,0.0,0.0,0.0,0.0,0.0,0.0,0.0
find-plant-v160-s1,find-plant,2,8,0.0,0.0,0,0.0,0.0,0.0,0.0,0.0,0.0,0.0
find-plant-v161-s1,find-plant,0,1,0.0,0.0,0,0.0,0.0,0.0,0.0,0.0,0.0,-8.0
find-plant-v161-s1,find-plant,0,2,0.0,0.0,0,0.0,0.0,0.0,0.0,0.0,0.0,-8.0
find-plant-v161-s1,find-plant,0,4,0.0,0.0,0,0.0,0.0,0.0,0.0,0.0,0.0,-8.0
find-plant-v161-s1,find-plant,0,8,0.04999999999999993,0.04999999999999993,0,0.0,0.0,0.0,0.04999999999999993,0.0,0.0,-8.0
find-plant-v161-s1,find-plant,1,1,0.0,0.0,0,0.0,0.0,0.0,0.0,0.0,0.0,-8.0
find-plant-v161-s1,find-plant,1,2,0.0,0.0,0,0.0,0.0,0.0,0.0,0.0,0.0,-8.0
find-plant-v161-s1,find-plant,1,4,0.0,0.0,0,0.0,0.0,0.0,0.0,0.0,0.0,-8.0
find-plant-v161-s1,find-plant,1,8,0.04999999999999993,0.04999999999999993,0,0.0,0.0,0.0,0.04999999999999993,0.0,0.0,-8.0
find-plant-v161-s1,find-plant,2,1,0.0,0.0,0,0.0,0.0,0.0,0.0,0.0,0.0,-8.0
find-plant-v161-s1,find-plant,2,2,0.0,0.0,0,0.0,0.0,0.0,0.0,0.0,0.0,-8.0
find-plant-v161-s1,find-plant,2,4,0.04999999999999993,0.04999999999999993,0,0.0,0.0,0.0,0.04999999999999993,0.0,0.0,-8.0
find-plant-v161-s1,find-plant,2,8,0.0,0.0,0,0.0,0.0,0.0,0.0,0.0,0.0,-8.0
find-animal-v156-s1,find-animal,0,1,0.0,0.0,0,0.0,0.0,0.0,0.0,0.0,0.0,0.0
find-animal-v156-s1,find-animal,0,2,0.0,0.0,0,0.0,0.0,0.0,0.0,0.0,0.0,0.0
find-animal-v156-s1,find-animal,0,4,0.2,0.2,0,0.0,0.0,0.0,0.2,0.0,0.0,0.0
find-animal-v156-s1,find-animal,0,8,0.0,0.0,0,0.0,0.0,0.0,0.0,0.0,0.0,0.0
find-animal-v156-s1,find-animal,1,1,0.0,0.0,0,0.0,0.0,0.0,0.0,0.0,0.0,0.0
find-animal-v156-s1,find-animal,1,2,0.0,0.0,0,0.0,0.0,0.0,0.0,0.0,0.0,0.0
find-animal-v156-s1,find-animal,1,4,0.0,0.0,0,0.0,0.0,0.0,0.0,0.0,0.0,0.0
find-animal-v156-s1,find-animal,1,8,0.0,0.0,0,0.0,0.0,0.0,0.0,0.0,0.0,0.0
find-animal-v156-s1,find-animal,2,1,0.0,0.0,0,0.0,0.0,0.0,0.0,0.0,0.0,0.0
find-animal-v156-s1,find-animal,2,2,0.0,0.0,0,0.0,0.0,0.0,0.0,0.0,0.0,0.0
find-animal-v156-s1,find-animal,2,4,0.2,0.2,0,0.0,0.0,0.0,0.2,0.0,0.0,0.0
find-animal-v156-s1,find-animal,2,8,0.0,0.0,0,0.0,0.0,0.0,0.0,0.0,0.0,0.0
find-animal-v157-s1,find-animal,0,1,0.0,0.0,0,0.0,0.0,0.0,0.0,0.0,0.0,9.0
find-animal-v157-s1,find-animal,0,2,0.0,0.0,0,0.0,0.0,0.0,0.0,0.0,0.0,9.0
find-animal-v157-s1,find-animal,0,4,0.0,0.0,0,0.0,0.0,0.0,0.0,0.0,0.0,9.0
find-animal-v157-s1,find-animal,0,8,0.0,0.0,0,0.0,0.0,0.0,0.0,0.0,0.0,9.0
find-animal-v157-s1,find-animal,1,1,0.0,0.0,0,0.0,0.0,0.0,0.0,0.0,0.0,9.0
find-animal-v157-s1,find-animal,1,2,0.0,0.0,0,0.0,0.0,0.0,0.0,0.0,0.0,9.0
find-animal-v157-s1,find-animal,1,4,0.0,0.0,0,0.0,0.0,0.0,0.0,0.0,0.0,9.0
find-animal-v157-s1,find-animal,1,8,0.0,0.0,0,0.0,0.0,0.0,0.0,0.0,0.0,9.0
find-animal-v157-s1,find-animal,2,1,0.0,0.0,0,0.0,0.0,0.0,0.0,0.0,0.0,9.0
find-animal-v157-s1,find-animal,2,2,0.0,0.0,0,0.0,0.0,0.0,0.0,0.0,0.0,9.0
find-animal-v157-s1,find-animal,2,4,0.0,0.0,0,0.0,0.0,0.0,0.0,0.0,0.0,9.0
find-animal-v157-s1,find-animal,2,8,0.0,0.0,0,0.0,0.0,0.0,0.0,0.0,0.0,9.0
find-animal-v158-s1,find-animal,0,1,0.0,0.0,0,0.0,0.0,0.0,0.0,0.0,0.0,0.0
find-animal-v158-s1,find-animal,0,2,0.0,0.0,0,0.0,0.0,0.0,0.0,0.0,0.0,0.0
find-animal-v158-s1,find-animal,0,4,0.0,0.0,0,0.0,0.0,0.0,0.0,0.0,0.0,0.0
find-animal-v158-s1,find-animal,0,8,0.0,0.0,0,0.0,0.0,0.0,0.0,0.0,0.0,0.0
find-animal-v158-s1,find-animal,1,1,0.0,0.0,0,0.0,0.0,0.0,0.0,0.0,0.0,0.0
find-animal-v158-s1,find-animal,1,2,0.0,0.0,0,0.0,0.0,0.0,0.0,0.0,0.0,0.0
find-animal-v158-s1,find-animal,1,4,0.0,0.0,0,0.0,0.0,0.0,0.0,0.0,0.0,0.0
find-animal-v158-s1,find-animal,1,8,0.0,0.0,0,0.0,0.0,0.0,0.0,0.0,0.0,0.0
find-animal-v158-s1,find-animal,2,1,0.0,0.0,0,0.0,0.0,0.0,0.0,0.0,0.0,0.0
find-animal-v158-s1,find-animal,2,2,0.0,0.0,0,0.0,0.0,0.0,0.0,0.0,0.0,0.0
find-animal-v158-s1,find-animal,2,4,0.0,0.0,0,0.0,0.0,0.0,0.0,0.0,0.0,0.0
find-animal-v158-s1,find-animal,2,8,0.0,0.0,0,0.0,0.0,0.0,0.0,0.0,0.0,0.0
find-animal-v159-s1,find-animal,0,1,0.0,0.0,0,0.0,0.0,0.0,0.0,0.0,0.0,0.0
find-animal-v159-s1,find-animal,0,2,0.0,0.0,0,0.0,0.0,0.0,0.0,0.0,0.0,0.0
find-animal-v159-s1,find-animal,0,4,0.0,0.0,0,0.0,0.0,0.0,0.0,0.0,0.0,0.0
find-animal-v159-s1,find-animal,0,8,0.09999999999999998,0.09999999999999998,0,0.0,0.0,0.0,0.09999999999999998,0.0,0.0,0.0
find-animal-v159-s1,find-animal,1,1,0.0,0.0,0,0.0,0.0,0.0,0.0,0.0,0.0,0.0
find-animal-v159-s1,find-animal,1,2,0.0,0.0,0,0.0,0.0,0.0,0.0,0.0,0.0,0.0
find-animal-v159-s1,find-animal,1,4,0.0,0.0,0,0.0,0.0,0.0,0.0,0.0,0.0,0.0
find-animal-v159-s1,find-animal,1,8,0.19999999999999996,0.19999999999999996,0,0.0,0.0,0.0,0.19999999999999996,0.0,0.0,0.0
find-animal-v159-s1,find-animal,2,1,0.0,0.0,0,0.0,0.0,0.0,0.0,0.0,0.0,0.0
find-animal-v159-s1,find-animal,2,2,0.09999999999999998,0.09999999999999998,0,0.0,0.0,0.0,0.09999999999999998,0.0,0.0,0.0
find-animal-v159-s1,find-animal,2,4,0.0,0.0,0,0.0,0.0,0.0,0.0,0.0,0.0,0.0
find-animal-v159-s1,find-animal,2,8,0.19999999999999996,0.19999999999999996,0,0.0,0.0,0.0,0.19999999999999996,0.0,0.0,0.0
find-animal-v160-s1,find-animal,0,1,0.0,0.0,0,0.0,0.0,0.0,0.0,0.0,0.0,0.0
find-animal-v160-s1,find-animal,0,2,0.0,0.0,0,0.0,0.0,0.0,0.0,0.0,0.0,0.0
find-animal-v160-s1,find-animal,0,4,0.0,0.0,0,0.0,0.0,0.0,0.0,0.0,0.0,0.0
find-animal-v160-s1,find-animal,0,8,0.0,0.0,0,0.0,0.0,0.0,0.0,0.0,0.0,0.0
find-animal-v160-s1,find-animal,1,1,0.0,0.0,0,0.0,0.0,0.0,0.0,0.0,0.0,0.0
find-animal-v160-s1,find-animal,1,2,0.0,0.0,0,0.0,0.0,0.0,0.0,0.0,0.0,0.0
find-animal-v160-s1,find-animal,1,4,0.0,0.0,0,0.0,0.0,0.0,0.0,0.0,0.0,0.0
find-animal-v160-s1,find-animal,1,8,0.0,0.0,0,0.0,0.0,0.0,0.0,0.0,0.0,0.0
find-animal-v160-s1,find-animal,2,1,0.0,0.0,0,0.0,0.0,0.0,0.0,0.0,0.0,0.0
find-animal-v160-s1,find-animal,2,2,0.0,0.0,0,0.0,0.0,0.0,0.0,0.0,0.0,0.0
find-animal-v160-s1,find-animal,2,4,0.0,0.0,0,0.0,0.0,0.0,0.0,0.0,0.0,0.0
find-animal-v160-s1,find-animal,2,8,0.0,0.0,0,0.0,0.0,0.0,0.0,0.0,0.0,0.0
find-animal-v161-s1,find-animal,0,1,0.0,0.0,0,0.0,0.0,0.0,0.0,0.0,0.0,0.0
find-animal-v161-s1,find-animal,0,2,0.0,0.0,0,0.0,0.0,0.0,0.0,0.0,0.0,0.0
find-animal-v161-s1,find-animal,0,4,0.0,0.0,0,0.0,0.0,0.0,0.0,0.0,0.0,0.0
find-animal-v161-s1,find-animal,0,8,0.0,0.0,0,0.0,0.0,0.0,0.0,0.0,0.0,0.0
find-animal-v161-s1,find-animal,1,1,0.0,0.0,0,0.0,0.0,0.0,0.0,0.0,0.0,0.0
find-animal-v161-s1,find-animal,1,2,0.0,0.0,0,0.0,0.0,0.0,0.0,0.0,0.0,0.0
find-animal-v161-s1,find-animal,1,4,0.0,0.0,0,0.0,0.0,0.0,0.0,0.0,0.0,0.0
find-animal-v161-s1,find-animal,1,8,0.0,0.0,0,0.0,0.0,0.0,0.0,0.0,0.0,0.0
find-animal-v161-s1,find-animal,2,1,0.0,0.0,0,0.0,0.0,0.0,0.0,0.0,0.0,0.0
find-animal-v161-s1,find-animal,2,2,0.0,0.0,0,0.0,0.0,0.0,0.0,0.0,0.0,0.0
find-animal-v161-s1,find-animal,2,4,0.0,0.0,0,0.0,0.0,0.0,0.0,0.0,0.0,0.0
find-animal-v161-s1,find-animal,2,8,0.0,0.0,0,0.0,0.0,0.0,0.0,0.0,0.0,0.0
