condition,budget,method,ci95_high_action_flip_rate,ci95_high_regret,ci95_high_reward,ci95_high_root_confidence,ci95_low_action_flip_rate,ci95_low_regret,ci95_low_reward,ci95_low_root_confidence,estimate_action_flip_rate,estimate_regret,estimate_reward,estimate_root_confidence
pure_duplication,1,bayesian_mixing,0.0,0.771064676532451,0.8064355848858172,0.5553385897435895,0.0,0.4489460518830128,0.40472950420673065,0.463556217948718,0.0,0.6055601061698719,0.6132633213141028,0.5095153846153847
pure_duplication,1,exact_dedup,0.0,0.7732317439403035,0.8063858994891829,0.5547355128205127,0.0,0.44886669576322114,0.40226129407051275,0.46355272435897416,0.0,0.6055601061698719,0.6132633213141028,0.5095153846153847
pure_duplication,1,flat_rollout,0.0,0.7770459925881412,0.806135853866186,0.5551378525641025,0.0,0.45148483027844566,0.398093638271234,0.46357160256410246,0.0,0.6055601061698719,0.6132633213141028,0.5095153846153847
pure_duplication,1,independent_trajectory,0.0,0.5316734333934293,0.8940056370192306,0.554387467948718,0.0,0.3518220330528846,0.648167178886218,0.4631252884615384,0.0,0.4407156129807693,0.7781078145032052,0.5095153846153847
pure_duplication,1,mean_pooling,0.0,0.529819759715545,0.8926229115584939,0.5555079487179491,0.0,0.34967428841145837,0.6475152535056092,0.46312685897435907,0.0,0.4407156129807693,0.7781078145032052,0.5095153846153847
pure_duplication,1,no_imagination,0.0,1.4683705016526438,-0.09672462214543269,0.555735128205128,0.0,1.1953276356169875,-0.132334539463141,0.4635920512820511,0.0,1.3338863201121796,-0.1150628926282051,0.5095153846153847
pure_duplication,1,oracle_provenance,0.0,0.7732749760616983,0.8085690396634615,0.5551754807692306,0.0,0.4477699119591346,0.3987320626001602,0.463263846153846,0.0,0.6055601061698719,0.6132633213141028,0.5095153846153847
pure_duplication,1,provenance_preserving,0.0,0.7756770693108974,0.8080086748798078,0.554973141025641,0.0,0.44997883143028844,0.4014561722255609,0.46266365384615393,0.0,0.6055601061698719,0.6132633213141028,0.5095153846153847
pure_duplication,1,risk_classifier,0.0,1.052935776141827,0.7598446007612176,0.5553170512820512,0.0,0.555835876953125,0.06830455909455133,0.46341900641025635,0.0,0.7939311458333334,0.424892281650641,0.5095153846153847
pure_duplication,1,semantic_dedup,0.0,0.7727673709435098,0.8068736542968749,0.5558565064102562,0.0,0.45036123933293276,0.4020084872295673,0.4633730769230769,0.0,0.6055601061698719,0.6132633213141028,0.5095153846153847
pure_duplication,1,source_grouping,0.0,0.7729305791766826,0.8068438267227562,0.5552180769230768,0.0,0.4471535123697917,0.4042605614983975,0.4634575961538462,0.0,0.6055601061698719,0.6132633213141028,0.5095153846153847
pure_duplication,8,bayesian_mixing,0.0,0.7724112245092146,0.80698422651242,0.5554051923076923,0.0,0.45155624118589743,0.3996072623197115,0.46351224358974363,0.0,0.6055601061698719,0.6132633213141028,0.5095153846153847
pure_duplication,8,exact_dedup,0.0,0.7713826357171474,0.8074649870793269,0.5563718269230771,0.0,0.45216922781450325,0.4021704487680289,0.4641094871794871,0.0,0.6055601061698719,0.6132633213141028,0.5095153846153847
pure_duplication,8,flat_rollout,0.6666666666666666,1.1735328702924674,0.6639774565805288,0.9390796644996736,0.4358974358974359,0.6512752770432692,-0.049385750250400706,0.911659281930215,0.5512820512820513,0.9081917027243593,0.31063172475961537,0.9256776739105183
pure_duplication,8,independent_trajectory,0.0,0.5314540217347755,0.8928094026943103,0.5557437179487179,0.0,0.3522326779346955,0.6472688015324519,0.4628576602564102,0.0,0.4407156129807693,0.7781078145032052,0.5095153846153847
pure_duplication,8,mean_pooling,0.0,0.5339791154847756,0.894345120092147,0.5551501602564101,0.0,0.35066311137820516,0.646662432041266,0.46290634615384596,0.0,0.4407156129807693,0.7781078145032052,0.5095153846153847
pure_duplication,8,no_imagination,0.0,1.4653527546574516,-0.09606847981770833,0.55532266025641,0.0,1.1954183635316502,-0.13219763451522437,0.46289836538461543,0.0,1.3338863201121796,-0.1150628926282051,0.5095153846153847
pure_duplication,8,oracle_provenance,0.0,0.7710607620693106,0.8072815634515225,0.5558886858974357,0.0,0.44639962074318906,0.4004028385416667,0.46318913461538447,0.0,0.6055601061698719,0.6132633213141028,0.5095153846153847
pure_duplication,8,provenance_preserving,0.0,0.7730905750701121,0.8063232236077723,0.5547964102564101,0.0,0.4501624921374199,0.3978069439603368,0.46229330128205126,0.0,0.6055601061698719,0.6132633213141028,0.5095153846153847
pure_duplication,8,risk_classifier,0.0,1.0431165683092947,0.7590216020633016,0.5557565064102566,0.0,0.5530382763421475,0.07876132096354167,0.4632293589743589,0.0,0.7939311458333334,0.424892281650641,0.5095153846153847
pure_duplication,8,semantic_dedup,0.0,0.7709312396334133,0.8031861681690702,0.5559424999999999,0.0,0.45271072400841345,0.4029328765024037,0.4634096474358975,0.0,0.6055601061698719,0.6132633213141028,0.5095153846153847
pure_duplication,8,source_grouping,0.0,0.7730416305088137,0.8054978114983975,0.5543784935897434,0.0,0.4501229917367788,0.4012168604266828,0.46370522435897443,0.0,0.6055601061698719,0.6132633213141028,0.5095153846153847
pure_duplication,64,bayesian_mixing,0.0,0.7735070804787659,0.8064050799278848,0.5555104487179487,0.0,0.4486396727764422,0.4034791873998399,0.46326573717948705,0.0,0.6055601061698719,0.6132633213141028,0.5095153846153847
pure_duplication,64,exact_dedup,0.0,0.7706386352664261,0.8026180025540866,0.5545813141025643,0.0,0.44822862104367,0.402128670322516,0.4626210897435897,0.0,0.6055601061698719,0.6132633213141028,0.5095153846153847
pure_duplication,64,flat_rollout,0.6666666666666666,1.2167264993489582,0.6272536568008813,0.9999999999905077,0.44871794871794873,0.6917105175280446,-0.09358250676081725,0.999999999985803,0.5641025641025641,0.9470500200320515,0.2717734074519231,0.9999999999882385
pure_duplication,64,independent_trajectory,0.0,0.5316117693309295,0.8954648490084135,0.5555025961538463,0.0,0.34983980433693923,0.6455386964142631,0.4622507051282051,0.0,0.4407156129807693,0.7781078145032052,0.5095153846153847
pure_duplication,64,mean_pooling,0.0,0.5327108139022436,0.8944690808293269,0.5564148076923077,0.0,0.3501130048577725,0.6466493942808494,0.4630123076923075,0.0,0.4407156129807693,0.7781078145032052,0.5095153846153847
pure_duplication,64,no_imagination,0.0,1.4685560328024843,-0.0968484168669872,0.5555221474358972,0.0,1.1973619468649837,-0.13225970673076926,0.46297894230769226,0.0,1.3338863201121796,-0.1150628926282051,0.5095153846153847
pure_duplication,64,oracle_provenance,0.0,0.7720266740284453,0.8047501691205933,0.5555899999999996,0.0,0.448753924228766,0.40242118579727565,0.46332278846153824,0.0,0.6055601061698719,0.6132633213141028,0.5095153846153847
pure_duplication,64,provenance_preserving,0.0,0.7727770698617787,0.8067828547676275,0.5558743589743589,0.0,0.4502819327423877,0.40086555513822114,0.4628160256410255,0.0,0.6055601061698719,0.6132633213141028,0.5095153846153847
pure_duplication,64,risk_classifier,0.0,1.0531295681590545,0.7584520600961535,0.5552809935897436,0.0,0.5543467925681089,0.06762348111979176,0.46367666666666657,0.0,0.7939311458333334,0.424892281650641,0.5095153846153847
pure_duplication,64,semantic_dedup,0.0,0.7718519553786053,0.8090028738982368,0.5557347435897435,0.0,0.4483293251201924,0.4019699568810096,0.46373141025641024,0.0,0.6055601061698719,0.6132633213141028,0.5095153846153847
pure_duplication,64,source_grouping,0.0,0.7727290061097752,0.8067183034354968,0.5553727243589743,0.0,0.44955951622596163,0.4036783101963142,0.462952435897436,0.0,0.6055601061698719,0.6132633213141028,0.5095153846153847
