task,variation,duplication,method,success,final_score,reward,steps,tokens,calibration_brier
find-animal,163,1,flat,1.0,100.0,92.0,4.0,22638.0,0.81
find-animal,163,1,provenance,1.0,100.0,92.0,4.0,22934.0,0.81
find-animal,163,4,flat,1.0,100.0,92.0,4.0,30097.0,0.009999999999999995
find-animal,163,4,provenance,1.0,100.0,92.0,4.0,23074.0,0.009999999999999995
find-animal,164,1,flat,0.0,-100.0,-108.0,1.0,4782.0,0.010000000000000002
find-animal,164,1,provenance,0.0,-100.0,-108.0,1.0,4864.0,0.36
find-animal,164,4,flat,0.0,-100.0,-108.0,1.0,6577.0,0.04000000000000001
find-animal,164,4,provenance,0.0,-100.0,-108.0,1.0,4808.0,0.36
find-plant,163,1,flat,0.0,-100.0,-108.0,1.0,4685.0,0.16000000000000003
find-plant,163,1,provenance,0.0,-100.0,-108.0,1.0,4763.0,0.0625
find-plant,163,4,flat,0.0,-100.0,-108.0,1.0,6440.0,0.010000000000000002
find-plant,163,4,provenance,0.0,-100.0,-108.0,1.0,4762.0,0.0025000000000000005
find-plant,164,1,flat,0.0,-100.0,-108.0,1.0,4845.0,0.010000000000000002
find-plant,164,1,provenance,0.0,-100.0,-108.0,1.0,4939.0,0.0
find-plant,164,4,flat,0.0,-100.0,-108.0,1.0,6350.0,0.6400000000000001
find-plant,164,4,provenance,0.0,-100.0,-108.0,1.0,4674.0,0.25
