task_family,duplication,experiment_method,n,success,final_score,reward,steps,tokens,repeated_no_visible_change,confidence_episodes,root_confidence_first,root_confidence_last,root_confidence_delta,confidence_steps,action_flip_rate_m1_vs_m4,action_flip_ci95_low,action_flip_ci95_high
find-plant,1,flat,6,0.8333333333333334,95.83333333333331,84.83333333333333,5.333333333333333,40743.66666666666,0.3333333333333333,6,0.4166666666666667,0.7999999999999999,0.3833333333333333,5.333333333333333,0.5,0.1666666666666666,0.8333333333333334
find-plant,4,flat,6,1.0,100.0,89.0,6.0,60805.16666666666,0.0,6,0.4166666666666667,0.925,0.5083333333333333,6.0,0.5,0.1666666666666666,0.8333333333333334
find-plant,1,no_imagination,6,1.0,100.0,89.0,5.166666666666667,9665.666666666666,0.0,6,0.4166666666666667,0.9333333333333332,0.5166666666666667,5.166666666666667,,,
find-plant,4,no_imagination,6,1.0,100.0,89.0,6.0,12576.833333333334,0.0,6,0.4166666666666667,0.9333333333333332,0.5166666666666667,6.0,,,
find-plant,1,provenance,6,0.8333333333333334,95.83333333333331,84.83333333333333,5.833333333333333,49287.0,0.5,6,0.4166666666666667,0.7916666666666666,0.375,5.833333333333333,0.3541666666666667,0.0416666666666666,0.6875
find-plant,4,provenance,6,0.8333333333333334,87.5,76.5,6.166666666666667,52989.16666666666,0.1666666666666666,6,0.4166666666666667,0.925,0.5083333333333333,6.166666666666667,0.3541666666666667,0.0416666666666666,0.6875
find-plant,1,provenance_success,6,0.8333333333333334,87.5,76.5,5.5,27548.33333333333,0.3333333333333333,6,0.4166666666666667,0.925,0.5083333333333333,5.5,0.7180555555555556,0.4125,0.9444444444444444
find-plant,4,provenance_success,6,0.8333333333333334,97.16666666666669,86.16666666666667,6.5,34427.166666666664,0.1666666666666666,6,0.4166666666666667,0.9416666666666664,0.525,6.5,0.7180555555555556,0.4125,0.9444444444444444
find-plant,1,provenance_value,6,0.8333333333333334,87.5,76.5,5.5,27671.166666666668,0.5,6,0.4166666666666667,0.8583333333333334,0.4416666666666666,5.5,0.7180555555555556,0.4125,0.9444444444444444
find-plant,4,provenance_value,6,0.8333333333333334,95.83333333333331,84.83333333333333,6.5,33997.166666666664,0.0,6,0.4166666666666667,0.7999999999999999,0.3833333333333333,6.5,0.7180555555555556,0.4125,0.9444444444444444
find-animal,1,flat,6,0.5,70.83333333333333,59.833333333333336,6.666666666666667,59207.833333333336,0.6666666666666666,6,0.5166666666666667,0.7000000000000001,0.1833333333333333,6.666666666666667,0.4642857142857142,0.2142857142857142,0.7083333333333334
find-animal,4,flat,6,0.5,58.5,47.5,6.666666666666667,70468.33333333333,1.5,6,0.4833333333333333,0.5833333333333334,0.0999999999999999,6.666666666666667,0.4642857142857142,0.2142857142857142,0.7083333333333334
find-animal,1,no_imagination,6,0.5,58.5,47.5,6.666666666666667,15315.5,1.8333333333333333,6,0.5166666666666667,0.5083333333333333,-0.0083333333333333,6.666666666666667,,,
find-animal,4,no_imagination,6,0.5,69.5,58.5,6.666666666666667,14951.0,1.3333333333333333,6,0.4833333333333333,0.585,0.1016666666666666,6.666666666666667,,,
find-animal,1,provenance,6,0.5,69.5,58.5,6.666666666666667,59986.16666666666,1.0,6,0.5166666666666667,0.6666666666666666,0.15,6.666666666666667,0.3363095238095238,0.1071428571428571,0.5833333333333334
find-animal,4,provenance,6,0.5,59.833333333333336,48.833333333333336,6.666666666666667,59015.0,1.5,6,0.4833333333333333,0.5,0.0166666666666666,6.666666666666667,0.3363095238095238,0.1071428571428571,0.5833333333333334
