method,metric,n_units,dup4_minus_dup1,ci95_low,ci95_high,bootstrap_draws
flat,p_true,12,0.004166666666666661,0.0,0.012499999999999983,20000
flat,success_probability,12,-0.012500000000000002,-0.033333333333333326,0.0,20000
flat,immediate_reward,12,0.6666666666666666,0.0,2.0,20000
flat,score_after,12,0.6666666666666666,0.0,2.0,20000
flat,regret_proxy,12,-0.6666666666666666,-2.0,0.0,20000
flat,tokens,12,1807.1666666666667,1754.9166666666667,1858.6687499999998,20000
flat,action_flip_from_m1,12,0.08333333333333333,0.0,0.25,20000
no_imagination,p_true,12,0.0,0.0,0.0,20000
no_imagination,success_probability,12,0.0,0.0,0.0,20000
no_imagination,immediate_reward,12,0.0,0.0,0.0,20000
no_imagination,score_after,12,0.0,0.0,0.0,20000
no_imagination,regret_proxy,12,0.0,0.0,0.0,20000
no_imagination,tokens,12,0.0,0.0,0.0,20000
no_imagination,action_flip_from_m1,12,0.0,0.0,0.0,20000
provenance,p_true,12,0.0,0.0,0.0,20000
provenance,success_probability,12,0.0,0.0,0.0,20000
provenance,immediate_reward,12,0.0,0.0,0.0,20000
provenance,score_after,12,0.0,0.0,0.0,20000
provenance,regret_proxy,12,0.0,0.0,0.0,20000
provenance,tokens,12,0.0,0.0,0.0,20000
provenance,action_flip_from_m1,12,0.0,0.0,0.0,20000
