task,duplication,method,n_valid,success,final_score,reward,regret_proxy,steps,tokens,calibration_brier,n_total,n_errors
find-animal,1,flat,5,0.6,68.4,56.8,31.6,7.8,73519.0,0.19049999999999997,6,1
find-animal,1,no_imagination,5,0.8,83.4,71.8,16.6,8.6,23189.8,0.266,6,1
find-animal,1,provenance,5,0.6,66.8,55.2,33.2,7.8,74640.2,0.17949999999999997,6,1
find-animal,4,flat,5,0.8,83.4,71.8,16.6,7.6,83997.8,0.18049999999999997,6,1
find-animal,4,no_imagination,5,0.8,83.4,71.8,16.6,8.6,23189.8,0.266,6,1
find-animal,4,provenance,5,0.6,66.8,55.2,33.2,7.8,74640.2,0.17949999999999997,6,1
find-plant,1,flat,6,0.8333333333333334,95.83333333333333,84.83333333333333,4.166666666666667,6.666666666666667,60139.166666666664,0.15208333333333332,6,0
find-plant,1,no_imagination,6,1.0,100.0,89.0,0.0,6.0,13035.333333333334,0.35166666666666674,6,0
find-plant,1,provenance,6,0.8333333333333334,95.83333333333333,84.83333333333333,4.166666666666667,7.5,73715.66666666667,0.3698333333333334,6,0
find-plant,4,flat,6,0.6666666666666666,91.66666666666667,80.66666666666667,8.333333333333334,8.0,96789.5,0.2854166666666667,6,0
find-plant,4,no_imagination,6,1.0,100.0,89.0,0.0,6.0,13035.333333333334,0.35166666666666674,6,0
find-plant,4,provenance,6,0.8333333333333334,95.83333333333333,84.83333333333333,4.166666666666667,7.5,73715.66666666667,0.3698333333333334,6,0
