task_family,duplication,experiment_method,n,success,final_score,reward,steps,tokens,repeated_no_visible_change
find-plant,1,flat,6,0.8333333333333334,95.83333333333333,84.83333333333333,5.333333333333333,40743.666666666664,0.3333333333333333
find-plant,1,no_imagination,6,1.0,100.0,89.0,5.166666666666667,9665.666666666666,0.0
find-plant,1,provenance,6,0.8333333333333334,95.83333333333333,84.83333333333333,5.833333333333333,49287.0,0.5
find-plant,1,provenance_success,6,0.8333333333333334,87.5,76.5,5.5,27548.333333333332,0.3333333333333333
find-plant,1,provenance_value,6,0.8333333333333334,87.5,76.5,5.5,27671.166666666668,0.5
find-plant,4,flat,6,1.0,100.0,89.0,6.0,60805.166666666664,0.0
find-plant,4,no_imagination,6,1.0,100.0,89.0,6.0,12576.833333333334,0.0
find-plant,4,provenance,6,0.8333333333333334,87.5,76.5,6.166666666666667,52989.166666666664,0.16666666666666666
find-plant,4,provenance_success,6,0.8333333333333334,97.16666666666667,86.16666666666667,6.5,34427.166666666664,0.16666666666666666
find-plant,4,provenance_value,6,0.8333333333333334,95.83333333333333,84.83333333333333,6.5,33997.166666666664,0.0
