method,episode,flips,steps_aligned
no_imagination,find-animal-v151,0,12
no_imagination,find-animal-v153,0,4
no_imagination,find-plant-v154,0,5
no_imagination,find-animal-v154,0,5
no_imagination,find-animal-v155,0,12
no_imagination,find-plant-v150,0,8
no_imagination,find-plant-v151,0,8
no_imagination,find-plant-v153,0,5
no_imagination,find-plant-v152,0,4
no_imagination,find-animal-v150,0,10
no_imagination,find-plant-v155,0,6
no_imagination,find-animal-v152,0,5
flat,find-animal-v155,4,12
flat,find-plant-v150,8,8
flat,find-plant-v152,0,4
flat,find-plant-v154,0,5
flat,find-plant-v155,5,12
flat,find-plant-v153,0,5
flat,find-animal-v153,0,4
flat,find-animal-v151,11,11
flat,find-plant-v151,5,6
flat,find-animal-v152,0,5
flat,find-animal-v150,1,6
flat,find-animal-v154,0,5
provenance,find-animal-v155,0,12
provenance,find-animal-v153,0,4
provenance,find-plant-v151,0,8
provenance,find-animal-v152,0,5
provenance,find-plant-v155,0,12
provenance,find-plant-v154,0,5
provenance,find-animal-v154,0,5
provenance,find-animal-v150,0,6
provenance,find-animal-v151,0,12
provenance,find-plant-v153,0,5
provenance,find-plant-v150,0,11
provenance,find-plant-v152,0,4
