condition,budget,groups,mse,rmse,repeats,seed
independent_rollout,1,624,0.05235695972972168,0.2288164323857045,2000,20260928
pure_duplication,1,624,0.05173602671621469,0.22745554887980793,1,20260928
independent_rollout,2,624,0.026128410538092155,0.16164284870693216,2000,20260928
pure_duplication,2,624,0.05173602671621469,0.22745554887980793,1,20260928
independent_rollout,4,624,0.013086940690226733,0.11439816733771015,2000,20260928
pure_duplication,4,624,0.05173602671621469,0.22745554887980793,1,20260928
independent_rollout,8,624,0.006533495480021267,0.0808300407028307,2000,20260928
pure_duplication,8,624,0.05173602671621469,0.22745554887980793,1,20260928
independent_rollout,16,624,0.003260961492795861,0.05710482897965689,2000,20260928
pure_duplication,16,624,0.05173602671621469,0.22745554887980793,1,20260928
independent_rollout,32,624,0.0016304107244887016,0.0403783447467662,2000,20260928
pure_duplication,32,624,0.05173602671621469,0.22745554887980793,1,20260928
independent_rollout,64,624,0.0008158717728343922,0.028563469201663725,2000,20260928
pure_duplication,64,624,0.05173602671621469,0.22745554887980793,1,20260928
