experiment_method,duplication,variation,root_confidence_first,root_confidence_last,root_confidence_delta,confidence_steps
flat,1,156,0.4,0.3,-0.10000000000000003,8
flat,1,157,0.4,0.5,0.09999999999999998,8
flat,1,158,0.8,0.2,-0.6000000000000001,8
flat,1,159,0.4,0.2,-0.2,8
flat,1,160,0.3,0.5,0.2,8
flat,1,161,0.8,0.5,-0.30000000000000004,8
flat,4,156,0.4,0.3,-0.10000000000000003,8
flat,4,157,0.4,0.5,0.09999999999999998,8
flat,4,158,0.8,0.1,-0.7000000000000001,8
flat,4,159,0.4,0.2,-0.2,8
flat,4,160,0.3,1.0,0.7,7
flat,4,161,0.8,0.5,-0.30000000000000004,8
provenance,1,156,0.4,0.4,0.0,8
provenance,1,157,0.4,0.5,0.09999999999999998,8
provenance,1,158,0.8,0.1,-0.7000000000000001,8
provenance,1,159,0.4,0.2,-0.2,8
provenance,1,160,0.3,0.01,-0.29,8
provenance,1,161,0.8,0.5,-0.30000000000000004,8
provenance,4,156,0.4,0.3,-0.10000000000000003,8
provenance,4,157,0.4,0.6,0.19999999999999996,8
provenance,4,158,0.8,0.0,-0.8,8
provenance,4,159,0.4,0.2,-0.2,8
provenance,4,160,0.3,0.01,-0.29,8
provenance,4,161,0.8,0.5,-0.30000000000000004,8
