duplication,method,mean_root_confidence_h_left,std_root_confidence_h_left,mean_confidence_delta,action_flip_rate,mean_reward,wrong_action_rate
1,dedup_by_evidence,0.29543395429855945,0.006476562696989492,0.0,0.0,1.0,0.0
1,ordinary_aggregation,0.4292971397165504,0.006746244870787627,0.0,0.0,1.0,0.0
1,provenance_preserving,0.4292971397165504,0.006746244870787627,0.0,0.0,1.0,0.0
1,single_trajectory_average,0.3348247604773629,0.0058501985775397175,0.0,0.0,1.0,0.0
2,dedup_by_evidence,0.29543395429855945,0.006476562696989492,0.0,0.0,1.0,0.0
2,ordinary_aggregation,0.629281606750561,0.007298008570326443,0.1999844670340106,1.0,0.0,1.0
2,provenance_preserving,0.4292971397165504,0.006746244870787627,0.0,0.0,1.0,0.0
2,single_trajectory_average,0.3348247604773629,0.0058501985775397175,0.0,0.0,1.0,0.0
4,dedup_by_evidence,0.29543395429855945,0.006476562696989492,0.0,0.0,1.0,0.0
4,ordinary_aggregation,0.8962901016285363,0.0040606680335331475,0.4669929619119859,1.0,0.0,1.0
4,provenance_preserving,0.4292971397165504,0.006746244870787627,0.0,0.0,1.0,0.0
4,single_trajectory_average,0.3348247604773629,0.0058501985775397175,0.0,0.0,1.0,0.0
8,dedup_by_evidence,0.29543395429855945,0.006476562696989492,0.0,0.0,1.0,0.0
8,ordinary_aggregation,0.9955535283329112,0.0003307095363215438,0.5662563886163607,1.0,0.0,1.0
8,provenance_preserving,0.4292971397165504,0.006746244870787627,0.0,0.0,1.0,0.0
8,single_trajectory_average,0.3348247604773629,0.0058501985775397175,0.0,0.0,1.0,0.0
