seed,duplication,method,prior_h_left,root_confidence_h_left,delta_vs_duplication_1,action,baseline_action_duplication_1,action_flip_vs_duplication_1,reward,true_state,api_ok
0,1,ordinary_aggregation,0.25,0.4318911300357125,0.0,RIGHT,RIGHT,0,1,RIGHT,True
0,1,single_trajectory_average,0.25,0.3360295892192741,0.0,RIGHT,RIGHT,0,1,RIGHT,True
0,1,dedup_by_evidence,0.25,0.2959554957178305,0.0,RIGHT,RIGHT,0,1,RIGHT,True
0,1,provenance_preserving,0.25,0.4318911300357125,0.0,RIGHT,RIGHT,0,1,RIGHT,True
0,2,ordinary_aggregation,0.25,0.6342128990831152,0.20232176904740268,LEFT,RIGHT,1,0,RIGHT,True
0,2,single_trajectory_average,0.25,0.3360295892192741,0.0,RIGHT,RIGHT,0,1,RIGHT,True
0,2,dedup_by_evidence,0.25,0.2959554957178305,0.0,RIGHT,RIGHT,0,1,RIGHT,True
0,2,provenance_preserving,0.25,0.4318911300357125,0.0,RIGHT,RIGHT,0,1,RIGHT,True
0,4,ordinary_aggregation,0.25,0.9001847232802559,0.4682935932445434,LEFT,RIGHT,1,0,RIGHT,True
0,4,single_trajectory_average,0.25,0.3360295892192741,0.0,RIGHT,RIGHT,0,1,RIGHT,True
0,4,dedup_by_evidence,0.25,0.2959554957178305,0.0,RIGHT,RIGHT,0,1,RIGHT,True
0,4,provenance_preserving,0.25,0.4318911300357125,0.0,RIGHT,RIGHT,0,1,RIGHT,True
0,8,ordinary_aggregation,0.25,0.9959183736646612,0.5640272436289486,LEFT,RIGHT,1,0,RIGHT,True
0,8,single_trajectory_average,0.25,0.3360295892192741,0.0,RIGHT,RIGHT,0,1,RIGHT,True
0,8,dedup_by_evidence,0.25,0.2959554957178305,0.0,RIGHT,RIGHT,0,1,RIGHT,True
0,8,provenance_preserving,0.25,0.4318911300357125,0.0,RIGHT,RIGHT,0,1,RIGHT,True
1,1,ordinary_aggregation,0.255,0.4343613732531175,0.0,RIGHT,RIGHT,0,1,RIGHT,True
1,1,single_trajectory_average,0.255,0.33997874377974846,0.0,RIGHT,RIGHT,0,1,RIGHT,True
1,1,dedup_by_evidence,0.255,0.30163397767936084,0.0,RIGHT,RIGHT,0,1,RIGHT,True
1,1,provenance_preserving,0.255,0.4343613732531175,0.0,RIGHT,RIGHT,0,1,RIGHT,True
1,2,ordinary_aggregation,0.255,0.6327339582220604,0.19837258496894283,LEFT,RIGHT,1,0,RIGHT,True
1,2,single_trajectory_average,0.255,0.33997874377974846,0.0,RIGHT,RIGHT,0,1,RIGHT,True
1,2,dedup_by_evidence,0.255,0.30163397767936084,0.0,RIGHT,RIGHT,0,1,RIGHT,True
1,2,provenance_preserving,0.255,0.4343613732531175,0.0,RIGHT,RIGHT,0,1,RIGHT,True
1,4,ordinary_aggregation,0.255,0.8966039777743853,0.46224260452126775,LEFT,RIGHT,1,0,RIGHT,True
1,4,single_trajectory_average,0.255,0.33997874377974846,0.0,RIGHT,RIGHT,0,1,RIGHT,True
1,4,dedup_by_evidence,0.255,0.30163397767936084,0.0,RIGHT,RIGHT,0,1,RIGHT,True
1,4,provenance_preserving,0.255,0.4343613732531175,0.0,RIGHT,RIGHT,0,1,RIGHT,True
1,8,ordinary_aggregation,0.255,0.9954687515084181,0.5611073782553005,LEFT,RIGHT,1,0,RIGHT,True
1,8,single_trajectory_average,0.255,0.33997874377974846,0.0,RIGHT,RIGHT,0,1,RIGHT,True
1,8,dedup_by_evidence,0.255,0.30163397767936084,0.0,RIGHT,RIGHT,0,1,RIGHT,True
1,8,provenance_preserving,0.255,0.4343613732531175,0.0,RIGHT,RIGHT,0,1,RIGHT,True
2,1,ordinary_aggregation,0.245,0.42163891586082125,0.0,RIGHT,RIGHT,0,1,RIGHT,True
2,1,single_trajectory_average,0.245,0.3284659484330663,0.0,RIGHT,RIGHT,0,1,RIGHT,True
2,1,dedup_by_evidence,0.245,0.28871238949848704,0.0,RIGHT,RIGHT,0,1,RIGHT,True
2,1,provenance_preserving,0.245,0.42163891586082125,0.0,RIGHT,RIGHT,0,1,RIGHT,True
2,2,ordinary_aggregation,0.245,0.6208979629465076,0.1992590470856863,LEFT,RIGHT,1,0,RIGHT,True
2,2,single_trajectory_average,0.245,0.3284659484330663,0.0,RIGHT,RIGHT,0,1,RIGHT,True
2,2,dedup_by_evidence,0.245,0.28871238949848704,0.0,RIGHT,RIGHT,0,1,RIGHT,True
2,2,provenance_preserving,0.245,0.42163891586082125,0.0,RIGHT,RIGHT,0,1,RIGHT,True
2,4,ordinary_aggregation,0.245,0.8920816038309678,0.47044268797014654,LEFT,RIGHT,1,0,RIGHT,True
2,4,single_trajectory_average,0.245,0.3284659484330663,0.0,RIGHT,RIGHT,0,1,RIGHT,True
2,4,dedup_by_evidence,0.245,0.28871238949848704,0.0,RIGHT,RIGHT,0,1,RIGHT,True
2,4,provenance_preserving,0.245,0.42163891586082125,0.0,RIGHT,RIGHT,0,1,RIGHT,True
2,8,ordinary_aggregation,0.245,0.9952734598256543,0.573634543964833,LEFT,RIGHT,1,0,RIGHT,True
2,8,single_trajectory_average,0.245,0.3284659484330663,0.0,RIGHT,RIGHT,0,1,RIGHT,True
2,8,dedup_by_evidence,0.245,0.28871238949848704,0.0,RIGHT,RIGHT,0,1,RIGHT,True
2,8,provenance_preserving,0.245,0.42163891586082125,0.0,RIGHT,RIGHT,0,1,RIGHT,True
