duplication,metric,n_units,provenance_minus_flat,ci95_low,ci95_high,bootstrap_draws
1,success,6,0.0,0.0,0.0,20000
1,final_score,6,0.0,0.0,0.0,20000
1,reward,6,0.0,0.0,0.0,20000
1,steps,6,0.0,0.0,0.0,20000
1,repeated_no_visible_change,6,0.0,0.0,0.0,20000
4,success,6,-0.16666666666666666,-0.6666666666666666,0.3333333333333333,20000
4,final_score,6,-4.166666666666667,-16.666666666666668,8.333333333333334,20000
4,reward,6,-4.166666666666667,-16.666666666666668,8.333333333333334,20000
4,steps,6,0.3333333333333333,-1.3333333333333333,2.0,20000
4,repeated_no_visible_change,6,0.3333333333333333,-1.3333333333333333,2.0,20000
