expansion,task_family,duplication,metric,n_episodes,estimate,ci95_low,ci95_high,bootstrap_draws
162_164,find-animal,1,reward,3,8.666666666666666,-8.0,25.0,20000
162_164,find-animal,1,success,3,0.3333333333333333,0.0,1.0,20000
162_164,find-animal,1,repeated_no_visible_change,3,-1.3333333333333333,-3.0,0.0,20000
162_164,find-animal,4,reward,3,14.333333333333334,9.0,25.0,20000
162_164,find-animal,4,success,3,0.3333333333333333,0.0,1.0,20000
162_164,find-animal,4,repeated_no_visible_change,3,-2.3333333333333335,-3.0,-1.0,20000
162_164,find-plant,1,reward,3,41.666666666666664,0.0,92.0,20000
162_164,find-plant,1,success,3,0.6666666666666666,0.0,1.0,20000
162_164,find-plant,1,repeated_no_visible_change,3,-3.6666666666666665,-7.0,0.0,20000
162_164,find-plant,4,reward,3,38.666666666666664,0.0,83.0,20000
162_164,find-plant,4,success,3,0.6666666666666666,0.0,1.0,20000
162_164,find-plant,4,repeated_no_visible_change,3,-2.3333333333333335,-6.0,0.0,20000
165_167,find-animal,1,reward,3,5.666666666666667,0.0,9.0,20000
165_167,find-animal,1,success,3,0.0,0.0,0.0,20000
165_167,find-animal,1,repeated_no_visible_change,3,-2.3333333333333335,-6.0,1.0,20000
165_167,find-animal,4,reward,3,5.666666666666667,0.0,9.0,20000
165_167,find-animal,4,success,3,0.0,0.0,0.0,20000
165_167,find-animal,4,repeated_no_visible_change,3,-1.3333333333333333,-4.0,2.0,20000
165_167,find-plant,1,reward,2,92.0,92.0,92.0,20000
165_167,find-plant,1,success,2,1.0,1.0,1.0,20000
165_167,find-plant,1,repeated_no_visible_change,2,-6.5,-7.0,-6.0,20000
165_167,find-plant,4,reward,2,58.5,25.0,92.0,20000
165_167,find-plant,4,success,2,1.0,1.0,1.0,20000
165_167,find-plant,4,repeated_no_visible_change,2,-3.0,-6.0,0.0,20000
170_171_retry,find-animal,1,reward,2,0.0,0.0,0.0,20000
170_171_retry,find-animal,1,success,2,0.0,0.0,0.0,20000
170_171_retry,find-animal,1,repeated_no_visible_change,2,0.0,0.0,0.0,20000
170_171_retry,find-animal,4,reward,2,0.0,0.0,0.0,20000
170_171_retry,find-animal,4,success,2,0.0,0.0,0.0,20000
170_171_retry,find-animal,4,repeated_no_visible_change,2,0.0,0.0,0.0,20000
170_171_retry,find-plant,1,reward,2,46.0,0.0,92.0,20000
170_171_retry,find-plant,1,success,2,0.5,0.0,1.0,20000
170_171_retry,find-plant,1,repeated_no_visible_change,2,-2.5,-5.0,0.0,20000
170_171_retry,find-plant,4,reward,2,46.0,0.0,92.0,20000
170_171_retry,find-plant,4,success,2,0.5,0.0,1.0,20000
170_171_retry,find-plant,4,repeated_no_visible_change,2,-2.5,-5.0,0.0,20000
172_173,find-animal,1,reward,2,33.5,0.0,67.0,20000
172_173,find-animal,1,success,2,0.0,0.0,0.0,20000
172_173,find-animal,1,repeated_no_visible_change,2,-2.0,-4.0,0.0,20000
172_173,find-animal,4,reward,2,29.0,0.0,58.0,20000
172_173,find-animal,4,success,2,0.0,0.0,0.0,20000
172_173,find-animal,4,repeated_no_visible_change,2,-1.5,-3.0,0.0,20000
172_173,find-plant,1,reward,2,4.5,0.0,9.0,20000
172_173,find-plant,1,success,2,0.0,0.0,0.0,20000
172_173,find-plant,1,repeated_no_visible_change,2,0.0,-1.0,1.0,20000
172_173,find-plant,4,reward,2,4.5,0.0,9.0,20000
172_173,find-plant,4,success,2,0.0,0.0,0.0,20000
172_173,find-plant,4,repeated_no_visible_change,2,0.0,-1.0,1.0,20000
