task,variation,step,method,duplication,action,p_true,common_suffix_steps,final_score,reward,steps,success,terminal,error
find-animal,150,0,flat,1,look in bathroom,0.4,9,100,83.0,10,1,True,
find-animal,150,0,flat,4,look in bathroom,0.4,9,100,83.0,10,1,True,
find-animal,150,0,provenance_grouped,1,look in kitchen,0.4,9,100,83.0,10,1,True,
find-animal,151,0,flat,1,look in bathroom,0.3,11,100,83.0,12,1,True,
find-animal,151,0,flat,4,look in kitchen,0.3,11,100,83.0,12,1,True,
find-animal,151,0,provenance_grouped,1,look in kitchen,0.3,11,100,83.0,12,1,True,
find-animal,152,0,flat,1,open bee hive,0.6,4,67,59.0,5,0,False,
find-animal,152,0,flat,4,open bee hive,0.6,4,67,59.0,5,0,False,
find-animal,152,0,provenance_grouped,1,look at bee hive,0.6,4,8,0.0,5,0,False,
find-animal,153,0,flat,1,focus on baby baby beaver,0.6,3,100,92.0,4,1,True,
find-animal,153,0,flat,4,focus on baby baby beaver,0.6,3,100,92.0,4,1,True,
find-animal,153,0,provenance_grouped,1,focus on baby baby beaver,0.6,3,100,92.0,4,1,True,
find-animal,154,0,flat,1,go to outside,0.6,4,100,92.0,5,1,True,
find-animal,154,0,flat,4,go to outside,0.6,4,100,92.0,5,1,True,
find-animal,154,0,provenance_grouped,1,go to door to outside,0.6,4,100,92.0,5,1,True,
find-animal,155,0,flat,1,look in hallway,0.4,11,17,9.0,12,0,False,
find-animal,155,0,flat,4,look in hallway,0.4,11,17,9.0,12,0,False,
find-animal,155,0,provenance_grouped,1,look at hallway,0.4,11,17,9.0,12,0,False,
find-plant,150,0,flat,1,look in bowl,0.1,7,75,58.0,8,0,False,
find-plant,150,0,flat,4,look around,0.1,7,100,83.0,8,1,True,
find-plant,150,0,provenance_grouped,1,look around,0.1,7,100,83.0,8,1,True,
find-plant,151,0,flat,1,look around,0.2,7,100,83.0,8,1,True,
find-plant,151,0,flat,4,look around,0.2,7,100,83.0,8,1,True,
find-plant,151,0,provenance_grouped,1,look around,0.2,7,100,83.0,8,1,True,
find-plant,152,0,flat,1,focus on adult pea plant,0.5,3,100,92.0,4,1,True,
find-plant,152,0,flat,4,focus on adult pea plant,0.8,3,100,92.0,4,1,True,
find-plant,152,0,provenance_grouped,1,look at flower pot 4,0.5,3,25,17.0,4,0,False,
find-plant,153,0,flat,1,go to greenhouse,0.7,4,100,92.0,5,1,True,
find-plant,153,0,flat,4,go to greenhouse,0.7,4,100,92.0,5,1,True,
find-plant,153,0,provenance_grouped,1,go to greenhouse,0.7,4,100,92.0,5,1,True,
find-plant,154,0,flat,1,teleport to greenhouse,0.6,4,100,92.0,5,1,True,
find-plant,154,0,flat,4,teleport to greenhouse,0.6,4,100,92.0,5,1,True,
find-plant,154,0,provenance_grouped,1,teleport to greenhouse,0.6,4,100,92.0,5,1,True,
find-plant,155,0,flat,1,look at hallway,0.6,5,100,92.0,6,1,True,
find-plant,155,0,flat,4,look in hallway,0.6,5,100,92.0,6,1,True,
find-plant,155,0,provenance_grouped,1,look at hallway,0.6,5,100,92.0,6,1,True,
