model,source_run,task_type,game_id,duplication,provenance_value_minus_flat_success,provenance_value_minus_flat_reward,provenance_value_minus_flat_steps,provenance_value_minus_flat_unnecessary_actions,provenance_value_minus_flat_tokens,flat_mean_belief_drift,provenance_value_mean_belief_drift,duplication_invariant_provenance_row
DeepSeek,alfworld_interactive_v10_deepseek,1,2ba9622c19f2,1,0.0,0.0,0.0,0.0,-22395.0,0.1208333333333333,0.0,True
DeepSeek,alfworld_interactive_v10_deepseek,1,2ba9622c19f2,4,0.0,0.0,0.0,0.0,-41275.0,0.15,0.0,True
DeepSeek,alfworld_interactive_v10_deepseek,2,73529a48be7b,1,0.0,0.0,0.0,4.0,-24346.0,0.0041666666666666,0.0,True
DeepSeek,alfworld_interactive_v10_deepseek,2,73529a48be7b,4,0.0,0.0,0.0,1.0,-42430.0,-0.0375,0.0,True
DeepSeek,alfworld_interactive_v10_deepseek,3,9fe7f42bcf2c,1,0.0,0.0,0.0,0.0,-21284.0,0.0666666666666666,0.0,True
DeepSeek,alfworld_interactive_v10_deepseek,3,9fe7f42bcf2c,4,0.0,0.0,0.0,0.0,-40327.0,0.0833333333333333,0.0,True
DeepSeek,alfworld_interactive_v10_deepseek,4,4f0380cbd7f3,1,0.0,0.0,0.0,0.0,-26599.0,0.0708333333333333,0.0,True
DeepSeek,alfworld_interactive_v10_deepseek,4,4f0380cbd7f3,4,0.0,0.0,0.0,0.0,-45464.0,0.15,0.0,True
DeepSeek,alfworld_interactive_v10_deepseek,5,3656c4bff7d1,1,0.0,0.0,0.0,-2.0,-27316.0,0.1791666666666666,0.0,True
DeepSeek,alfworld_interactive_v10_deepseek,5,3656c4bff7d1,4,0.0,0.0,0.0,-2.0,-46163.0,0.1624999999999999,0.0,True
DeepSeek,alfworld_interactive_v10_deepseek,6,a9ab04b2ad1e,1,0.0,0.0,0.0,0.0,-22777.0,0.0083333333333333,0.0,True
DeepSeek,alfworld_interactive_v10_deepseek,6,a9ab04b2ad1e,4,0.0,0.0,0.0,0.0,-42105.0,0.0166666666666666,0.0,True
DeepSeek,alfworld_interactive_v4_deepseek,1,ed061b7a5223,1,0.0,0.0,2.0,0.0,-12552.0,0.0079999999999999,0.0,True
DeepSeek,alfworld_interactive_v4_deepseek,1,ed061b7a5223,4,0.0,0.0,2.0,0.0,-27860.0,0.0849999999999999,0.0,True
DeepSeek,alfworld_interactive_v4_deepseek,2,952d1970902c,1,0.0,0.0,0.0,-6.0,-36390.0,0.04,0.0,True
DeepSeek,alfworld_interactive_v4_deepseek,2,952d1970902c,4,0.0,0.0,0.0,-6.0,-59679.0,0.0866666666666666,0.0,True
DeepSeek,alfworld_interactive_v4_deepseek,3,0dcffb7d0aa0,1,0.0,0.0,0.0,0.0,-15898.0,-0.0214285714285714,0.0,True
DeepSeek,alfworld_interactive_v4_deepseek,3,0dcffb7d0aa0,4,0.0,0.0,0.0,0.0,-26981.0,0.1142857142857143,0.0,True
DeepSeek,alfworld_interactive_v7_deepseek,1,ed061b7a5223,1,-1.0,-1.0,2.0,0.0,-13255.0,0.0349999999999999,0.0,True
DeepSeek,alfworld_interactive_v7_deepseek,1,ed061b7a5223,4,0.0,0.0,0.0,0.0,-39800.0,0.1666666666666666,0.0,True
DeepSeek,alfworld_interactive_v7_deepseek,2,952d1970902c,1,0.0,0.0,0.0,-4.0,-25858.0,0.0833333333333333,0.0,True
DeepSeek,alfworld_interactive_v7_deepseek,2,952d1970902c,4,0.0,0.0,0.0,-4.0,-43510.0,0.1374999999999999,0.0,True
DeepSeek,alfworld_interactive_v7_deepseek,3,0dcffb7d0aa0,1,0.0,0.0,0.0,0.0,-27253.0,-0.0249999999999999,0.0,True
DeepSeek,alfworld_interactive_v7_deepseek,3,0dcffb7d0aa0,4,0.0,0.0,0.0,0.0,-46973.0,0.0458333333333333,0.0,True
DeepSeek,alfworld_interactive_v7_deepseek,4,a24ddcb8f293,1,0.0,0.0,0.0,0.0,-26150.0,0.0291666666666666,0.0,True
DeepSeek,alfworld_interactive_v7_deepseek,4,a24ddcb8f293,4,0.0,0.0,0.0,0.0,-42903.0,0.0625,0.0,True
DeepSeek,alfworld_interactive_v7_deepseek,5,31221be1c09d,1,0.0,0.0,0.0,0.0,-25317.0,0.0708333333333333,0.0,True
DeepSeek,alfworld_interactive_v7_deepseek,5,31221be1c09d,4,0.0,0.0,0.0,0.0,-43471.0,0.075,0.0,True
DeepSeek,alfworld_interactive_v7_deepseek,6,dd291172bb96,1,0.0,0.0,0.0,0.0,-18571.0,0.06,0.0,True
DeepSeek,alfworld_interactive_v7_deepseek,6,dd291172bb96,4,0.0,0.0,0.0,0.0,-33588.0,0.08,0.0,True
Qwen2.5-Coder-3B,alfworld_interactive_v6_qwen,1,ed061b7a5223,1,0.0,0.0,0.0,0.0,-13134.0,-0.3999999999999999,0.0,True
Qwen2.5-Coder-3B,alfworld_interactive_v6_qwen,1,ed061b7a5223,4,0.0,0.0,0.0,0.0,-25786.0,-0.4125,0.0,True
Qwen2.5-Coder-3B,alfworld_interactive_v8_qwen,2,952d1970902c,1,0.0,0.0,0.0,0.0,-21530.0,-0.3999999999999999,0.0,True
Qwen2.5-Coder-3B,alfworld_interactive_v8_qwen,2,952d1970902c,4,0.0,0.0,0.0,0.0,-37571.0,-0.3999999999999999,0.0,True
Qwen2.5-Coder-3B,alfworld_interactive_v8_qwen,6,dd291172bb96,1,0.0,0.0,0.0,2.0,-17740.0,-0.3899999999999999,0.0,True
Qwen2.5-Coder-3B,alfworld_interactive_v8_qwen,6,dd291172bb96,4,0.0,0.0,0.0,0.0,-33481.0,-0.3899999999999999,0.0,True
