model,task_type,method,duplication,n,success,reward,final_score,steps,unnecessary_actions,charged_tokens,mean_belief_drift,initial_success_probability,calibration_brier,root_confidence_first,root_confidence_last,root_confidence_delta
DeepSeek,1,flat,1,3,0.6666666666666666,0.6666666666666666,0.6666666666666666,10.666666666666666,0.0,42448.0,0.054611111111111034,0.5,0.25,0.10000000000000002,0.7333333333333334,0.6333333333333333
DeepSeek,1,flat,4,3,0.3333333333333333,0.3333333333333333,0.3333333333333333,11.333333333333334,0.0,62692.333333333336,0.13388888888888884,0.5,0.25,0.10000000000000002,0.7166666666666667,0.6166666666666667
DeepSeek,1,flat_value,1,1,0.0,0.0,0.0,10.0,0.0,20778.0,0.0,0.26,0.0676,0.2,1.0,0.8
DeepSeek,1,flat_value,4,1,0.0,0.0,0.0,10.0,0.0,20778.0,0.2173054378489342,0.4661016949152542,0.2172507900028727,0.2,1.0,0.8
DeepSeek,1,no_imagination,1,4,0.25,0.25,0.25,11.5,0.0,10336.0,0.0,0.08750000000000001,0.208125,0.125,0.775,0.65
DeepSeek,1,no_imagination,4,4,0.25,0.25,0.25,11.5,0.0,10336.0,0.0,0.08750000000000001,0.208125,0.125,0.775,0.65
DeepSeek,1,provenance_success,1,1,0.0,0.0,0.0,12.0,0.0,25492.0,0.0,0.18,0.0324,0.1,0.9,0.8
DeepSeek,1,provenance_success,4,1,0.0,0.0,0.0,12.0,0.0,25492.0,0.0,0.18,0.0324,0.1,0.9,0.8
DeepSeek,1,provenance_value,1,4,0.25,0.25,0.25,11.5,0.0,24980.0,0.0,0.2,0.20119999999999996,0.125,0.775,0.65
DeepSeek,1,provenance_value,4,4,0.25,0.25,0.25,11.5,0.0,24980.0,0.0,0.2,0.20119999999999996,0.125,0.775,0.65
DeepSeek,2,flat,1,3,0.0,0.0,0.0,13.0,4.666666666666667,64996.333333333336,0.04249999999999996,0.45,0.20749999999999993,0.19999999999999998,0.13333333333333333,-0.06666666666666667
DeepSeek,2,flat,4,3,0.0,0.0,0.0,13.0,5.666666666666667,84671.33333333333,0.06222222222222217,0.7000000000000001,0.5516666666666666,0.19999999999999998,0.13333333333333333,-0.06666666666666667
DeepSeek,2,flat_value,1,1,0.0,0.0,0.0,10.0,0.0,26565.0,0.0,0.34,0.1156,0.3,0.5,0.2
DeepSeek,2,flat_value,4,1,0.0,0.0,0.0,10.0,0.0,26565.0,0.1942396327579897,0.572992700729927,0.3283206350897757,0.3,0.5,0.2
DeepSeek,2,no_imagination,1,4,0.5,0.5,0.5,9.25,2.25,10337.5,0.0,0.15000000000000002,0.32500000000000007,0.22499999999999998,0.275,0.05000000000000002
DeepSeek,2,no_imagination,4,4,0.5,0.5,0.5,9.25,2.25,10337.5,0.0,0.15000000000000002,0.32500000000000007,0.22499999999999998,0.275,0.05000000000000002
DeepSeek,2,provenance_success,1,1,0.0,0.0,0.0,12.0,0.0,32815.0,0.0,0.29,0.0841,0.2,0.2,0.0
DeepSeek,2,provenance_success,4,1,0.0,0.0,0.0,12.0,0.0,32815.0,0.0,0.29,0.0841,0.2,0.2,0.0
DeepSeek,2,provenance_value,1,4,0.0,0.0,0.0,12.25,2.0,33740.0,0.0,0.28500000000000003,0.08604999999999999,0.22499999999999998,0.225,6.938893903907228e-18
DeepSeek,2,provenance_value,4,4,0.0,0.0,0.0,12.25,2.0,33740.0,0.0,0.28500000000000003,0.08604999999999999,0.22499999999999998,0.225,6.938893903907228e-18
DeepSeek,3,flat,1,3,0.3333333333333333,0.3333333333333333,0.3333333333333333,10.333333333333334,0.0,56358.666666666664,0.0067460317460317646,0.5,0.2183333333333333,0.3666666666666667,0.7000000000000001,0.3333333333333333
DeepSeek,3,flat,4,3,0.3333333333333333,0.3333333333333333,0.3333333333333333,10.333333333333334,0.0,72974.0,0.08115079365079363,0.5166666666666667,0.23416666666666663,0.3666666666666667,0.7000000000000001,0.3333333333333333
DeepSeek,3,flat_value,1,1,0.0,0.0,0.0,10.0,0.0,29193.0,0.0,0.19,0.0361,0.2,0.6,0.39999999999999997
DeepSeek,3,flat_value,4,1,0.0,0.0,0.0,10.0,0.0,29193.0,0.24379289020247,0.2415254237288135,0.0583345303073829,0.2,0.6,0.39999999999999997
DeepSeek,3,no_imagination,1,4,0.25,0.25,0.25,10.25,0.0,13789.5,0.0,0.05,0.22749999999999998,0.325,0.675,0.35
DeepSeek,3,no_imagination,4,4,0.25,0.25,0.25,10.25,0.0,13789.5,0.0,0.05,0.22749999999999998,0.325,0.675,0.35
DeepSeek,3,provenance_success,1,1,0.0,0.0,0.0,12.0,0.0,36043.0,0.0,0.29,0.0841,0.2,0.6,0.39999999999999997
DeepSeek,3,provenance_success,4,1,0.0,0.0,0.0,12.0,0.0,36043.0,0.0,0.29,0.0841,0.2,0.6,0.39999999999999997
DeepSeek,3,provenance_value,1,4,0.25,0.25,0.25,10.25,0.0,33458.5,0.0,0.32999999999999996,0.2713,0.325,0.675,0.35
DeepSeek,3,provenance_value,4,4,0.25,0.25,0.25,10.25,0.0,33458.5,0.0,0.32999999999999996,0.2713,0.325,0.675,0.35
DeepSeek,4,flat,1,2,0.0,0.0,0.0,12.0,0.0,60221.5,0.049999999999999954,0.35,0.1224999999999999,0.15000000000000002,0.3,0.15000000000000002
DeepSeek,4,flat,4,2,0.0,0.0,0.0,12.0,0.0,78030.5,0.10625,0.35,0.1224999999999999,0.15000000000000002,0.3,0.15000000000000002
DeepSeek,4,no_imagination,1,2,0.0,0.0,0.0,12.0,0.0,14768.0,0.0,0.05,0.0025,0.15000000000000002,0.45,0.30000000000000004
DeepSeek,4,no_imagination,4,2,0.0,0.0,0.0,12.0,0.0,14768.0,0.0,0.05,0.0025,0.15000000000000002,0.45,0.30000000000000004
DeepSeek,4,provenance_success,1,1,0.0,0.0,0.0,12.0,0.0,32259.0,0.0,0.19,0.0361,0.2,0.0,-0.2
DeepSeek,4,provenance_success,4,1,0.0,0.0,0.0,12.0,0.0,32259.0,0.0,0.19,0.0361,0.2,0.0,-0.2
DeepSeek,4,provenance_value,1,2,0.0,0.0,0.0,12.0,0.0,33847.0,0.0,0.18,0.0325,0.15000000000000002,0.45,0.30000000000000004
DeepSeek,4,provenance_value,4,2,0.0,0.0,0.0,12.0,0.0,33847.0,0.0,0.18,0.0325,0.15000000000000002,0.45,0.30000000000000004
DeepSeek,5,flat,1,2,0.0,0.0,0.0,12.0,1.0,61641.5,0.12499999999999996,0.425,0.21125,0.4,0.1,-0.3
DeepSeek,5,flat,4,2,0.0,0.0,0.0,12.0,1.0,80142.0,0.11874999999999994,0.575,0.43625,0.4,0.1,-0.3
DeepSeek,5,no_imagination,1,2,0.5,0.5,0.5,10.5,0.0,13364.0,0.0,0.07500000000000001,0.45625,0.4,0.525,0.125
DeepSeek,5,no_imagination,4,2,0.5,0.5,0.5,10.5,0.0,13364.0,0.0,0.07500000000000001,0.45625,0.4,0.525,0.125
DeepSeek,5,provenance_success,1,1,0.0,0.0,0.0,12.0,0.0,33894.0,0.0,0.5800000000000001,0.3364000000000001,0.6,0.1,-0.5
DeepSeek,5,provenance_success,4,1,0.0,0.0,0.0,12.0,0.0,33894.0,0.0,0.5800000000000001,0.3364000000000001,0.6,0.1,-0.5
DeepSeek,5,provenance_value,1,2,0.0,0.0,0.0,12.0,0.0,35325.0,0.0,0.375,0.18265,0.4,0.1,-0.3
DeepSeek,5,provenance_value,4,2,0.0,0.0,0.0,12.0,0.0,35325.0,0.0,0.375,0.18265,0.4,0.1,-0.3
DeepSeek,6,flat,1,2,0.5,0.5,0.5,11.0,0.0,46256.5,0.03416666666666665,0.325,0.36125,0.15000000000000002,0.55,0.4
DeepSeek,6,flat,4,2,0.5,0.5,0.5,11.0,0.0,63429.0,0.0483333333333333,0.325,0.36125,0.15000000000000002,0.55,0.4
DeepSeek,6,no_imagination,1,2,0.5,0.5,0.5,11.0,0.0,10953.0,0.0,0.05,0.45249999999999996,0.15000000000000002,0.675,0.525
DeepSeek,6,no_imagination,4,2,0.5,0.5,0.5,11.0,0.0,10953.0,0.0,0.05,0.45249999999999996,0.15000000000000002,0.675,0.525
DeepSeek,6,provenance_success,1,1,1.0,1.0,1.0,10.0,0.0,23584.0,0.0,0.1699999999999999,0.6889000000000001,0.2,1.0,0.8
DeepSeek,6,provenance_success,4,1,1.0,1.0,1.0,10.0,0.0,23584.0,0.0,0.1699999999999999,0.6889000000000001,0.2,1.0,0.8
DeepSeek,6,provenance_value,1,2,0.5,0.5,0.5,11.0,0.0,25582.5,0.0,0.17249999999999993,0.35976250000000004,0.15000000000000002,0.55,0.4
DeepSeek,6,provenance_value,4,2,0.5,0.5,0.5,11.0,0.0,25582.5,0.0,0.17249999999999993,0.35976250000000004,0.15000000000000002,0.55,0.4
Qwen2.5-Coder-3B,1,flat,1,1,0.0,0.0,0.0,8.0,0.0,28562.0,-0.3999999999999999,0.5,0.25,0.9,0.9,0.0
Qwen2.5-Coder-3B,1,flat,4,1,0.0,0.0,0.0,8.0,0.0,41214.0,-0.4125,0.5,0.25,0.9,0.9,0.0
Qwen2.5-Coder-3B,1,provenance_value,1,1,0.0,0.0,0.0,8.0,0.0,15428.0,0.0,0.2,0.04,0.9,0.9,0.0
Qwen2.5-Coder-3B,1,provenance_value,4,1,0.0,0.0,0.0,8.0,0.0,15428.0,0.0,0.2,0.04,0.9,0.9,0.0
Qwen2.5-Coder-3B,2,flat,1,1,0.0,0.0,0.0,10.0,7.0,50115.0,-0.3999999999999999,0.5,0.25,0.9,0.9,0.0
Qwen2.5-Coder-3B,2,flat,4,1,0.0,0.0,0.0,10.0,7.0,66156.0,-0.3999999999999999,0.5,0.25,0.9,0.9,0.0
Qwen2.5-Coder-3B,2,provenance_value,1,1,0.0,0.0,0.0,10.0,7.0,28585.0,0.0,0.2,0.04,0.9,0.9,0.0
Qwen2.5-Coder-3B,2,provenance_value,4,1,0.0,0.0,0.0,10.0,7.0,28585.0,0.0,0.2,0.04,0.9,0.9,0.0
Qwen2.5-Coder-3B,6,flat,1,1,0.0,0.0,0.0,10.0,2.0,39652.0,-0.3899999999999999,0.5,0.25,0.9,0.9,0.0
Qwen2.5-Coder-3B,6,flat,4,1,0.0,0.0,0.0,10.0,4.0,55393.0,-0.3899999999999999,0.5,0.25,0.9,0.9,0.0
Qwen2.5-Coder-3B,6,provenance_value,1,1,0.0,0.0,0.0,10.0,4.0,21912.0,0.0,0.0,0.0,0.9,0.9,0.0
Qwen2.5-Coder-3B,6,provenance_value,4,1,0.0,0.0,0.0,10.0,4.0,21912.0,0.0,0.0,0.0,0.9,0.9,0.0
