state_id,task,rep,duplication,method,root_p_true,belief_drift_from_evidence,action_flip_from_m1,immediate_reward,immediate_candidate_regret
find-plant-v150-s1,find-plant,0,1,flat,0.9,0.0,0,0.0,0.0
find-plant-v150-s1,find-plant,0,1,same_prompt_dedup,0.9,0.0,0,0.0,0.0
find-plant-v150-s1,find-plant,0,1,provenance_value,0.9,0.0,0,0.0,0.0
find-plant-v150-s1,find-plant,0,2,flat,0.9,0.0,0,0.0,0.0
find-plant-v150-s1,find-plant,0,2,same_prompt_dedup,0.9,0.0,0,0.0,0.0
find-plant-v150-s1,find-plant,0,2,provenance_value,0.9,0.0,0,0.0,0.0
find-plant-v150-s1,find-plant,0,4,flat,0.9,0.0,0,0.0,0.0
find-plant-v150-s1,find-plant,0,4,same_prompt_dedup,0.9,0.0,0,0.0,0.0
find-plant-v150-s1,find-plant,0,4,provenance_value,0.9,0.0,0,0.0,0.0
find-plant-v150-s1,find-plant,0,8,flat,0.9,0.0,0,0.0,0.0
find-plant-v150-s1,find-plant,0,8,same_prompt_dedup,0.9,0.0,0,0.0,0.0
find-plant-v150-s1,find-plant,0,8,provenance_value,0.9,0.0,0,0.0,0.0
find-plant-v150-s1,find-plant,1,1,flat,0.9,0.0,0,0.0,0.0
find-plant-v150-s1,find-plant,1,1,same_prompt_dedup,0.9,0.0,0,0.0,0.0
find-plant-v150-s1,find-plant,1,1,provenance_value,0.9,0.0,0,0.0,0.0
find-plant-v150-s1,find-plant,1,2,flat,0.9,0.0,0,0.0,0.0
find-plant-v150-s1,find-plant,1,2,same_prompt_dedup,0.9,0.0,0,0.0,0.0
find-plant-v150-s1,find-plant,1,2,provenance_value,0.9,0.0,0,0.0,0.0
find-plant-v150-s1,find-plant,1,4,flat,0.9,0.0,0,0.0,0.0
find-plant-v150-s1,find-plant,1,4,same_prompt_dedup,0.9,0.0,0,0.0,0.0
find-plant-v150-s1,find-plant,1,4,provenance_value,0.9,0.0,0,0.0,0.0
find-plant-v150-s1,find-plant,1,8,flat,0.9,0.0,0,0.0,0.0
find-plant-v150-s1,find-plant,1,8,same_prompt_dedup,0.9,0.0,0,0.0,0.0
find-plant-v150-s1,find-plant,1,8,provenance_value,0.9,0.0,0,0.0,0.0
find-plant-v150-s1,find-plant,2,1,flat,0.9,0.0,0,0.0,0.0
find-plant-v150-s1,find-plant,2,1,same_prompt_dedup,0.9,0.0,0,0.0,0.0
find-plant-v150-s1,find-plant,2,1,provenance_value,0.9,0.0,0,0.0,0.0
find-plant-v150-s1,find-plant,2,2,flat,0.9,0.0,0,0.0,0.0
find-plant-v150-s1,find-plant,2,2,same_prompt_dedup,0.9,0.0,0,0.0,0.0
find-plant-v150-s1,find-plant,2,2,provenance_value,0.9,0.0,0,0.0,0.0
find-plant-v150-s1,find-plant,2,4,flat,0.9,0.0,0,0.0,0.0
find-plant-v150-s1,find-plant,2,4,same_prompt_dedup,0.9,0.0,0,0.0,0.0
find-plant-v150-s1,find-plant,2,4,provenance_value,0.9,0.0,0,0.0,0.0
find-plant-v150-s1,find-plant,2,8,flat,0.9,0.0,0,0.0,0.0
find-plant-v150-s1,find-plant,2,8,same_prompt_dedup,0.9,0.0,0,0.0,0.0
find-plant-v150-s1,find-plant,2,8,provenance_value,0.9,0.0,0,0.0,0.0
find-plant-v151-s1,find-plant,0,1,flat,0.5,0.0,0,50.0,0.0
find-plant-v151-s1,find-plant,0,1,same_prompt_dedup,0.5,0.0,0,50.0,0.0
find-plant-v151-s1,find-plant,0,1,provenance_value,0.5,0.0,0,0.0,50.0
find-plant-v151-s1,find-plant,0,2,flat,0.5,0.0,0,50.0,0.0
find-plant-v151-s1,find-plant,0,2,same_prompt_dedup,0.5,0.0,0,50.0,0.0
find-plant-v151-s1,find-plant,0,2,provenance_value,0.5,0.0,0,0.0,50.0
find-plant-v151-s1,find-plant,0,4,flat,0.5,0.0,0,50.0,0.0
find-plant-v151-s1,find-plant,0,4,same_prompt_dedup,0.5,0.0,0,50.0,0.0
find-plant-v151-s1,find-plant,0,4,provenance_value,0.5,0.0,0,0.0,50.0
find-plant-v151-s1,find-plant,0,8,flat,0.8,0.30000000000000004,0,50.0,0.0
find-plant-v151-s1,find-plant,0,8,same_prompt_dedup,0.5,0.0,0,50.0,0.0
find-plant-v151-s1,find-plant,0,8,provenance_value,0.5,0.0,0,0.0,50.0
find-plant-v151-s1,find-plant,1,1,flat,0.5,0.0,0,50.0,0.0
find-plant-v151-s1,find-plant,1,1,same_prompt_dedup,0.5,0.0,0,50.0,0.0
find-plant-v151-s1,find-plant,1,1,provenance_value,0.5,0.0,0,0.0,50.0
find-plant-v151-s1,find-plant,1,2,flat,0.5,0.0,0,50.0,0.0
find-plant-v151-s1,find-plant,1,2,same_prompt_dedup,0.5,0.0,0,50.0,0.0
find-plant-v151-s1,find-plant,1,2,provenance_value,0.5,0.0,0,0.0,50.0
find-plant-v151-s1,find-plant,1,4,flat,0.5,0.0,0,50.0,0.0
find-plant-v151-s1,find-plant,1,4,same_prompt_dedup,0.5,0.0,0,50.0,0.0
find-plant-v151-s1,find-plant,1,4,provenance_value,0.5,0.0,0,0.0,50.0
find-plant-v151-s1,find-plant,1,8,flat,0.5,0.0,0,50.0,0.0
find-plant-v151-s1,find-plant,1,8,same_prompt_dedup,0.5,0.0,0,50.0,0.0
find-plant-v151-s1,find-plant,1,8,provenance_value,0.5,0.0,0,0.0,50.0
find-plant-v151-s1,find-plant,2,1,flat,0.5,0.0,0,50.0,0.0
find-plant-v151-s1,find-plant,2,1,same_prompt_dedup,0.5,0.0,0,50.0,0.0
find-plant-v151-s1,find-plant,2,1,provenance_value,0.5,0.0,0,0.0,50.0
find-plant-v151-s1,find-plant,2,2,flat,0.5,0.0,0,50.0,0.0
find-plant-v151-s1,find-plant,2,2,same_prompt_dedup,0.5,0.0,0,50.0,0.0
find-plant-v151-s1,find-plant,2,2,provenance_value,0.5,0.0,0,0.0,50.0
find-plant-v151-s1,find-plant,2,4,flat,0.5,0.0,0,50.0,0.0
find-plant-v151-s1,find-plant,2,4,same_prompt_dedup,0.5,0.0,0,50.0,0.0
find-plant-v151-s1,find-plant,2,4,provenance_value,0.5,0.0,0,0.0,50.0
find-plant-v151-s1,find-plant,2,8,flat,0.8,0.30000000000000004,0,50.0,0.0
find-plant-v151-s1,find-plant,2,8,same_prompt_dedup,0.5,0.0,0,50.0,0.0
find-plant-v151-s1,find-plant,2,8,provenance_value,0.5,0.0,0,0.0,50.0
find-plant-v152-s1,find-plant,0,1,flat,0.9,0.0,0,9.0,8.0
find-plant-v152-s1,find-plant,0,1,same_prompt_dedup,0.9,0.0,0,9.0,8.0
find-plant-v152-s1,find-plant,0,1,provenance_value,0.9,0.0,0,9.0,8.0
find-plant-v152-s1,find-plant,0,2,flat,0.9,0.0,0,9.0,8.0
find-plant-v152-s1,find-plant,0,2,same_prompt_dedup,0.9,0.0,0,9.0,8.0
find-plant-v152-s1,find-plant,0,2,provenance_value,0.9,0.0,0,9.0,8.0
find-plant-v152-s1,find-plant,0,4,flat,0.9,0.0,0,9.0,8.0
find-plant-v152-s1,find-plant,0,4,same_prompt_dedup,0.9,0.0,0,9.0,8.0
find-plant-v152-s1,find-plant,0,4,provenance_value,0.9,0.0,0,9.0,8.0
find-plant-v152-s1,find-plant,0,8,flat,0.9,0.0,0,9.0,8.0
find-plant-v152-s1,find-plant,0,8,same_prompt_dedup,0.9,0.0,0,9.0,8.0
find-plant-v152-s1,find-plant,0,8,provenance_value,0.9,0.0,0,9.0,8.0
find-plant-v152-s1,find-plant,1,1,flat,0.9,0.0,0,9.0,8.0
find-plant-v152-s1,find-plant,1,1,same_prompt_dedup,0.9,0.0,0,9.0,8.0
find-plant-v152-s1,find-plant,1,1,provenance_value,0.9,0.0,0,9.0,8.0
find-plant-v152-s1,find-plant,1,2,flat,0.9,0.0,0,9.0,8.0
find-plant-v152-s1,find-plant,1,2,same_prompt_dedup,0.9,0.0,0,9.0,8.0
find-plant-v152-s1,find-plant,1,2,provenance_value,0.9,0.0,0,9.0,8.0
find-plant-v152-s1,find-plant,1,4,flat,0.9,0.0,0,9.0,8.0
find-plant-v152-s1,find-plant,1,4,same_prompt_dedup,0.9,0.0,0,9.0,8.0
find-plant-v152-s1,find-plant,1,4,provenance_value,0.9,0.0,0,9.0,8.0
find-plant-v152-s1,find-plant,1,8,flat,0.9,0.0,0,9.0,8.0
find-plant-v152-s1,find-plant,1,8,same_prompt_dedup,0.9,0.0,0,9.0,8.0
find-plant-v152-s1,find-plant,1,8,provenance_value,0.9,0.0,0,9.0,8.0
find-plant-v152-s1,find-plant,2,1,flat,0.9,0.0,0,9.0,8.0
find-plant-v152-s1,find-plant,2,1,same_prompt_dedup,0.9,0.0,0,9.0,8.0
find-plant-v152-s1,find-plant,2,1,provenance_value,0.9,0.0,0,9.0,8.0
find-plant-v152-s1,find-plant,2,2,flat,0.9,0.0,0,9.0,8.0
find-plant-v152-s1,find-plant,2,2,same_prompt_dedup,0.9,0.0,0,9.0,8.0
find-plant-v152-s1,find-plant,2,2,provenance_value,0.9,0.0,0,9.0,8.0
find-plant-v152-s1,find-plant,2,4,flat,0.9,0.0,0,9.0,8.0
find-plant-v152-s1,find-plant,2,4,same_prompt_dedup,0.9,0.0,0,9.0,8.0
find-plant-v152-s1,find-plant,2,4,provenance_value,0.9,0.0,0,9.0,8.0
find-plant-v152-s1,find-plant,2,8,flat,0.9,0.0,0,9.0,8.0
find-plant-v152-s1,find-plant,2,8,same_prompt_dedup,0.9,0.0,0,9.0,8.0
find-plant-v152-s1,find-plant,2,8,provenance_value,0.9,0.0,0,9.0,8.0
find-plant-v153-s1,find-plant,0,1,flat,0.6,0.0,0,50.0,0.0
find-plant-v153-s1,find-plant,0,1,same_prompt_dedup,0.6,0.0,0,50.0,0.0
find-plant-v153-s1,find-plant,0,1,provenance_value,0.6,0.0,0,50.0,0.0
find-plant-v153-s1,find-plant,0,2,flat,0.6,0.0,0,50.0,0.0
find-plant-v153-s1,find-plant,0,2,same_prompt_dedup,0.6,0.0,0,50.0,0.0
find-plant-v153-s1,find-plant,0,2,provenance_value,0.6,0.0,0,50.0,0.0
find-plant-v153-s1,find-plant,0,4,flat,0.6,0.0,0,50.0,0.0
find-plant-v153-s1,find-plant,0,4,same_prompt_dedup,0.6,0.0,0,50.0,0.0
find-plant-v153-s1,find-plant,0,4,provenance_value,0.6,0.0,0,50.0,0.0
find-plant-v153-s1,find-plant,0,8,flat,0.6,0.0,0,50.0,0.0
find-plant-v153-s1,find-plant,0,8,same_prompt_dedup,0.6,0.0,0,50.0,0.0
find-plant-v153-s1,find-plant,0,8,provenance_value,0.6,0.0,0,50.0,0.0
find-plant-v153-s1,find-plant,1,1,flat,0.6,0.0,0,50.0,0.0
find-plant-v153-s1,find-plant,1,1,same_prompt_dedup,0.6,0.0,0,50.0,0.0
find-plant-v153-s1,find-plant,1,1,provenance_value,0.6,0.0,0,50.0,0.0
find-plant-v153-s1,find-plant,1,2,flat,0.6,0.0,0,50.0,0.0
find-plant-v153-s1,find-plant,1,2,same_prompt_dedup,0.6,0.0,0,50.0,0.0
find-plant-v153-s1,find-plant,1,2,provenance_value,0.6,0.0,0,50.0,0.0
find-plant-v153-s1,find-plant,1,4,flat,0.6,0.0,0,50.0,0.0
find-plant-v153-s1,find-plant,1,4,same_prompt_dedup,0.6,0.0,0,50.0,0.0
find-plant-v153-s1,find-plant,1,4,provenance_value,0.6,0.0,0,50.0,0.0
find-plant-v153-s1,find-plant,1,8,flat,0.6,0.0,0,50.0,0.0
find-plant-v153-s1,find-plant,1,8,same_prompt_dedup,0.6,0.0,0,50.0,0.0
find-plant-v153-s1,find-plant,1,8,provenance_value,0.6,0.0,0,50.0,0.0
find-plant-v153-s1,find-plant,2,1,flat,0.6,0.0,0,50.0,0.0
find-plant-v153-s1,find-plant,2,1,same_prompt_dedup,0.6,0.0,0,50.0,0.0
find-plant-v153-s1,find-plant,2,1,provenance_value,0.6,0.0,0,50.0,0.0
find-plant-v153-s1,find-plant,2,2,flat,0.6,0.0,0,50.0,0.0
find-plant-v153-s1,find-plant,2,2,same_prompt_dedup,0.6,0.0,0,50.0,0.0
find-plant-v153-s1,find-plant,2,2,provenance_value,0.6,0.0,0,50.0,0.0
find-plant-v153-s1,find-plant,2,4,flat,0.6,0.0,0,50.0,0.0
find-plant-v153-s1,find-plant,2,4,same_prompt_dedup,0.6,0.0,0,50.0,0.0
find-plant-v153-s1,find-plant,2,4,provenance_value,0.6,0.0,0,50.0,0.0
find-plant-v153-s1,find-plant,2,8,flat,0.6,0.0,0,50.0,0.0
find-plant-v153-s1,find-plant,2,8,same_prompt_dedup,0.6,0.0,0,50.0,0.0
find-plant-v153-s1,find-plant,2,8,provenance_value,0.6,0.0,0,50.0,0.0
find-plant-v154-s1,find-plant,0,1,flat,0.5,0.0,0,50.0,0.0
find-plant-v154-s1,find-plant,0,1,same_prompt_dedup,0.5,0.0,0,50.0,0.0
find-plant-v154-s1,find-plant,0,1,provenance_value,0.5,0.0,0,50.0,0.0
find-plant-v154-s1,find-plant,0,2,flat,0.5,0.0,0,50.0,0.0
find-plant-v154-s1,find-plant,0,2,same_prompt_dedup,0.5,0.0,0,50.0,0.0
find-plant-v154-s1,find-plant,0,2,provenance_value,0.5,0.0,0,50.0,0.0
find-plant-v154-s1,find-plant,0,4,flat,0.5,0.0,0,50.0,0.0
find-plant-v154-s1,find-plant,0,4,same_prompt_dedup,0.5,0.0,0,50.0,0.0
find-plant-v154-s1,find-plant,0,4,provenance_value,0.5,0.0,0,50.0,0.0
find-plant-v154-s1,find-plant,0,8,flat,0.5,0.0,0,50.0,0.0
find-plant-v154-s1,find-plant,0,8,same_prompt_dedup,0.5,0.0,0,50.0,0.0
find-plant-v154-s1,find-plant,0,8,provenance_value,0.5,0.0,0,50.0,0.0
find-plant-v154-s1,find-plant,1,1,flat,0.5,0.0,0,50.0,0.0
find-plant-v154-s1,find-plant,1,1,same_prompt_dedup,0.5,0.0,0,50.0,0.0
find-plant-v154-s1,find-plant,1,1,provenance_value,0.5,0.0,0,50.0,0.0
find-plant-v154-s1,find-plant,1,2,flat,0.5,0.0,0,50.0,0.0
find-plant-v154-s1,find-plant,1,2,same_prompt_dedup,0.5,0.0,0,50.0,0.0
find-plant-v154-s1,find-plant,1,2,provenance_value,0.5,0.0,0,50.0,0.0
find-plant-v154-s1,find-plant,1,4,flat,0.5,0.0,0,50.0,0.0
find-plant-v154-s1,find-plant,1,4,same_prompt_dedup,0.5,0.0,0,50.0,0.0
find-plant-v154-s1,find-plant,1,4,provenance_value,0.5,0.0,0,50.0,0.0
find-plant-v154-s1,find-plant,1,8,flat,0.5,0.0,0,50.0,0.0
find-plant-v154-s1,find-plant,1,8,same_prompt_dedup,0.5,0.0,0,50.0,0.0
find-plant-v154-s1,find-plant,1,8,provenance_value,0.5,0.0,0,50.0,0.0
find-plant-v154-s1,find-plant,2,1,flat,0.5,0.0,0,50.0,0.0
find-plant-v154-s1,find-plant,2,1,same_prompt_dedup,0.5,0.0,0,50.0,0.0
find-plant-v154-s1,find-plant,2,1,provenance_value,0.5,0.0,0,50.0,0.0
find-plant-v154-s1,find-plant,2,2,flat,0.5,0.0,0,50.0,0.0
find-plant-v154-s1,find-plant,2,2,same_prompt_dedup,0.5,0.0,0,50.0,0.0
find-plant-v154-s1,find-plant,2,2,provenance_value,0.5,0.0,0,50.0,0.0
find-plant-v154-s1,find-plant,2,4,flat,0.5,0.0,0,50.0,0.0
find-plant-v154-s1,find-plant,2,4,same_prompt_dedup,0.5,0.0,0,50.0,0.0
find-plant-v154-s1,find-plant,2,4,provenance_value,0.5,0.0,0,50.0,0.0
find-plant-v154-s1,find-plant,2,8,flat,0.5,0.0,0,50.0,0.0
find-plant-v154-s1,find-plant,2,8,same_prompt_dedup,0.5,0.0,0,50.0,0.0
find-plant-v154-s1,find-plant,2,8,provenance_value,0.5,0.0,0,50.0,0.0
find-plant-v155-s1,find-plant,0,1,flat,0.5,0.0,0,50.0,0.0
find-plant-v155-s1,find-plant,0,1,same_prompt_dedup,0.5,0.0,0,50.0,0.0
find-plant-v155-s1,find-plant,0,1,provenance_value,0.5,0.0,0,50.0,0.0
find-plant-v155-s1,find-plant,0,2,flat,0.5,0.0,0,50.0,0.0
find-plant-v155-s1,find-plant,0,2,same_prompt_dedup,0.5,0.0,0,50.0,0.0
find-plant-v155-s1,find-plant,0,2,provenance_value,0.5,0.0,0,50.0,0.0
find-plant-v155-s1,find-plant,0,4,flat,0.5,0.0,0,50.0,0.0
find-plant-v155-s1,find-plant,0,4,same_prompt_dedup,0.5,0.0,0,50.0,0.0
find-plant-v155-s1,find-plant,0,4,provenance_value,0.5,0.0,0,50.0,0.0
find-plant-v155-s1,find-plant,0,8,flat,0.5,0.0,0,50.0,0.0
find-plant-v155-s1,find-plant,0,8,same_prompt_dedup,0.5,0.0,0,50.0,0.0
find-plant-v155-s1,find-plant,0,8,provenance_value,0.5,0.0,0,50.0,0.0
find-plant-v155-s1,find-plant,1,1,flat,0.5,0.0,0,50.0,0.0
find-plant-v155-s1,find-plant,1,1,same_prompt_dedup,0.5,0.0,0,50.0,0.0
find-plant-v155-s1,find-plant,1,1,provenance_value,0.5,0.0,0,50.0,0.0
find-plant-v155-s1,find-plant,1,2,flat,0.5,0.0,0,50.0,0.0
find-plant-v155-s1,find-plant,1,2,same_prompt_dedup,0.5,0.0,0,50.0,0.0
find-plant-v155-s1,find-plant,1,2,provenance_value,0.5,0.0,0,50.0,0.0
find-plant-v155-s1,find-plant,1,4,flat,0.5,0.0,0,50.0,0.0
find-plant-v155-s1,find-plant,1,4,same_prompt_dedup,0.5,0.0,0,50.0,0.0
find-plant-v155-s1,find-plant,1,4,provenance_value,0.5,0.0,0,50.0,0.0
find-plant-v155-s1,find-plant,1,8,flat,0.8,0.30000000000000004,0,50.0,0.0
find-plant-v155-s1,find-plant,1,8,same_prompt_dedup,0.5,0.0,0,50.0,0.0
find-plant-v155-s1,find-plant,1,8,provenance_value,0.5,0.0,0,50.0,0.0
find-plant-v155-s1,find-plant,2,1,flat,0.5,0.0,0,50.0,0.0
find-plant-v155-s1,find-plant,2,1,same_prompt_dedup,0.5,0.0,0,50.0,0.0
find-plant-v155-s1,find-plant,2,1,provenance_value,0.5,0.0,0,50.0,0.0
find-plant-v155-s1,find-plant,2,2,flat,0.5,0.0,0,50.0,0.0
find-plant-v155-s1,find-plant,2,2,same_prompt_dedup,0.5,0.0,0,50.0,0.0
find-plant-v155-s1,find-plant,2,2,provenance_value,0.5,0.0,0,50.0,0.0
find-plant-v155-s1,find-plant,2,4,flat,0.5,0.0,0,50.0,0.0
find-plant-v155-s1,find-plant,2,4,same_prompt_dedup,0.5,0.0,0,50.0,0.0
find-plant-v155-s1,find-plant,2,4,provenance_value,0.5,0.0,0,50.0,0.0
find-plant-v155-s1,find-plant,2,8,flat,0.5,0.0,0,50.0,0.0
find-plant-v155-s1,find-plant,2,8,same_prompt_dedup,0.5,0.0,0,50.0,0.0
find-plant-v155-s1,find-plant,2,8,provenance_value,0.5,0.0,0,50.0,0.0
find-plant-v156-s1,find-plant,0,1,flat,0.5,0.0,0,50.0,0.0
find-plant-v156-s1,find-plant,0,1,same_prompt_dedup,0.5,0.0,0,50.0,0.0
find-plant-v156-s1,find-plant,0,1,provenance_value,0.5,0.0,0,50.0,0.0
find-plant-v156-s1,find-plant,0,2,flat,0.5,0.0,0,50.0,0.0
find-plant-v156-s1,find-plant,0,2,same_prompt_dedup,0.5,0.0,0,50.0,0.0
find-plant-v156-s1,find-plant,0,2,provenance_value,0.5,0.0,0,50.0,0.0
find-plant-v156-s1,find-plant,0,4,flat,0.5,0.0,0,50.0,0.0
find-plant-v156-s1,find-plant,0,4,same_prompt_dedup,0.5,0.0,0,50.0,0.0
find-plant-v156-s1,find-plant,0,4,provenance_value,0.5,0.0,0,50.0,0.0
find-plant-v156-s1,find-plant,0,8,flat,0.5,0.0,0,50.0,0.0
find-plant-v156-s1,find-plant,0,8,same_prompt_dedup,0.5,0.0,0,50.0,0.0
find-plant-v156-s1,find-plant,0,8,provenance_value,0.5,0.0,0,50.0,0.0
find-plant-v156-s1,find-plant,1,1,flat,0.5,0.0,0,50.0,0.0
find-plant-v156-s1,find-plant,1,1,same_prompt_dedup,0.5,0.0,0,50.0,0.0
find-plant-v156-s1,find-plant,1,1,provenance_value,0.5,0.0,0,50.0,0.0
find-plant-v156-s1,find-plant,1,2,flat,0.5,0.0,0,50.0,0.0
find-plant-v156-s1,find-plant,1,2,same_prompt_dedup,0.5,0.0,0,50.0,0.0
find-plant-v156-s1,find-plant,1,2,provenance_value,0.5,0.0,0,50.0,0.0
find-plant-v156-s1,find-plant,1,4,flat,0.5,0.0,0,50.0,0.0
find-plant-v156-s1,find-plant,1,4,same_prompt_dedup,0.5,0.0,0,50.0,0.0
find-plant-v156-s1,find-plant,1,4,provenance_value,0.5,0.0,0,50.0,0.0
find-plant-v156-s1,find-plant,1,8,flat,0.5,0.0,0,50.0,0.0
find-plant-v156-s1,find-plant,1,8,same_prompt_dedup,0.5,0.0,0,50.0,0.0
find-plant-v156-s1,find-plant,1,8,provenance_value,0.5,0.0,0,50.0,0.0
find-plant-v156-s1,find-plant,2,1,flat,0.5,0.0,0,50.0,0.0
find-plant-v156-s1,find-plant,2,1,same_prompt_dedup,0.5,0.0,0,50.0,0.0
find-plant-v156-s1,find-plant,2,1,provenance_value,0.5,0.0,0,50.0,0.0
find-plant-v156-s1,find-plant,2,2,flat,0.5,0.0,0,50.0,0.0
find-plant-v156-s1,find-plant,2,2,same_prompt_dedup,0.5,0.0,0,50.0,0.0
find-plant-v156-s1,find-plant,2,2,provenance_value,0.5,0.0,0,50.0,0.0
find-plant-v156-s1,find-plant,2,4,flat,0.5,0.0,0,50.0,0.0
find-plant-v156-s1,find-plant,2,4,same_prompt_dedup,0.5,0.0,0,50.0,0.0
find-plant-v156-s1,find-plant,2,4,provenance_value,0.5,0.0,0,50.0,0.0
find-plant-v156-s1,find-plant,2,8,flat,0.5,0.0,0,50.0,0.0
find-plant-v156-s1,find-plant,2,8,same_prompt_dedup,0.5,0.0,0,50.0,0.0
find-plant-v156-s1,find-plant,2,8,provenance_value,0.5,0.0,0,50.0,0.0
find-plant-v157-s1,find-plant,0,1,flat,0.9,0.0,0,50.0,0.0
find-plant-v157-s1,find-plant,0,1,same_prompt_dedup,0.9,0.0,0,50.0,0.0
find-plant-v157-s1,find-plant,0,1,provenance_value,0.9,0.0,0,50.0,0.0
find-plant-v157-s1,find-plant,0,2,flat,0.9,0.0,0,50.0,0.0
find-plant-v157-s1,find-plant,0,2,same_prompt_dedup,0.9,0.0,0,50.0,0.0
find-plant-v157-s1,find-plant,0,2,provenance_value,0.9,0.0,0,50.0,0.0
find-plant-v157-s1,find-plant,0,4,flat,0.9,0.0,0,50.0,0.0
find-plant-v157-s1,find-plant,0,4,same_prompt_dedup,0.9,0.0,0,50.0,0.0
find-plant-v157-s1,find-plant,0,4,provenance_value,0.9,0.0,0,50.0,0.0
find-plant-v157-s1,find-plant,0,8,flat,0.9,0.0,0,50.0,0.0
find-plant-v157-s1,find-plant,0,8,same_prompt_dedup,0.9,0.0,0,50.0,0.0
find-plant-v157-s1,find-plant,0,8,provenance_value,0.9,0.0,0,50.0,0.0
find-plant-v157-s1,find-plant,1,1,flat,0.9,0.0,0,50.0,0.0
find-plant-v157-s1,find-plant,1,1,same_prompt_dedup,0.9,0.0,0,50.0,0.0
find-plant-v157-s1,find-plant,1,1,provenance_value,0.9,0.0,0,50.0,0.0
find-plant-v157-s1,find-plant,1,2,flat,0.9,0.0,0,50.0,0.0
find-plant-v157-s1,find-plant,1,2,same_prompt_dedup,0.9,0.0,0,50.0,0.0
find-plant-v157-s1,find-plant,1,2,provenance_value,0.9,0.0,0,50.0,0.0
find-plant-v157-s1,find-plant,1,4,flat,0.9,0.0,0,50.0,0.0
find-plant-v157-s1,find-plant,1,4,same_prompt_dedup,0.9,0.0,0,50.0,0.0
find-plant-v157-s1,find-plant,1,4,provenance_value,0.9,0.0,0,50.0,0.0
find-plant-v157-s1,find-plant,1,8,flat,0.9,0.0,0,50.0,0.0
find-plant-v157-s1,find-plant,1,8,same_prompt_dedup,0.9,0.0,0,50.0,0.0
find-plant-v157-s1,find-plant,1,8,provenance_value,0.9,0.0,0,50.0,0.0
find-plant-v157-s1,find-plant,2,1,flat,0.9,0.0,0,50.0,0.0
find-plant-v157-s1,find-plant,2,1,same_prompt_dedup,0.9,0.0,0,50.0,0.0
find-plant-v157-s1,find-plant,2,1,provenance_value,0.9,0.0,0,50.0,0.0
find-plant-v157-s1,find-plant,2,2,flat,0.9,0.0,0,50.0,0.0
find-plant-v157-s1,find-plant,2,2,same_prompt_dedup,0.9,0.0,0,50.0,0.0
find-plant-v157-s1,find-plant,2,2,provenance_value,0.9,0.0,0,50.0,0.0
find-plant-v157-s1,find-plant,2,4,flat,0.9,0.0,0,50.0,0.0
find-plant-v157-s1,find-plant,2,4,same_prompt_dedup,0.9,0.0,0,50.0,0.0
find-plant-v157-s1,find-plant,2,4,provenance_value,0.9,0.0,0,50.0,0.0
find-plant-v157-s1,find-plant,2,8,flat,0.9,0.0,0,50.0,0.0
find-plant-v157-s1,find-plant,2,8,same_prompt_dedup,0.9,0.0,0,50.0,0.0
find-plant-v157-s1,find-plant,2,8,provenance_value,0.9,0.0,0,50.0,0.0
find-plant-v158-s1,find-plant,0,1,flat,0.5,0.0,0,9.0,8.0
find-plant-v158-s1,find-plant,0,1,same_prompt_dedup,0.5,0.0,0,9.0,8.0
find-plant-v158-s1,find-plant,0,1,provenance_value,0.5,0.0,0,9.0,8.0
find-plant-v158-s1,find-plant,0,2,flat,0.8,0.30000000000000004,0,9.0,8.0
find-plant-v158-s1,find-plant,0,2,same_prompt_dedup,0.5,0.0,0,9.0,8.0
find-plant-v158-s1,find-plant,0,2,provenance_value,0.5,0.0,0,9.0,8.0
find-plant-v158-s1,find-plant,0,4,flat,0.9,0.4,0,9.0,8.0
find-plant-v158-s1,find-plant,0,4,same_prompt_dedup,0.5,0.0,0,9.0,8.0
find-plant-v158-s1,find-plant,0,4,provenance_value,0.5,0.0,0,9.0,8.0
find-plant-v158-s1,find-plant,0,8,flat,0.9,0.4,0,9.0,8.0
find-plant-v158-s1,find-plant,0,8,same_prompt_dedup,0.5,0.0,0,9.0,8.0
find-plant-v158-s1,find-plant,0,8,provenance_value,0.5,0.0,0,9.0,8.0
find-plant-v158-s1,find-plant,1,1,flat,0.5,0.0,0,9.0,8.0
find-plant-v158-s1,find-plant,1,1,same_prompt_dedup,0.5,0.0,0,9.0,8.0
find-plant-v158-s1,find-plant,1,1,provenance_value,0.5,0.0,0,9.0,8.0
find-plant-v158-s1,find-plant,1,2,flat,0.5,0.0,0,9.0,8.0
find-plant-v158-s1,find-plant,1,2,same_prompt_dedup,0.5,0.0,0,9.0,8.0
find-plant-v158-s1,find-plant,1,2,provenance_value,0.5,0.0,0,9.0,8.0
find-plant-v158-s1,find-plant,1,4,flat,0.9,0.4,0,9.0,8.0
find-plant-v158-s1,find-plant,1,4,same_prompt_dedup,0.5,0.0,0,9.0,8.0
find-plant-v158-s1,find-plant,1,4,provenance_value,0.5,0.0,0,9.0,8.0
find-plant-v158-s1,find-plant,1,8,flat,0.9,0.4,0,9.0,8.0
find-plant-v158-s1,find-plant,1,8,same_prompt_dedup,0.5,0.0,0,9.0,8.0
find-plant-v158-s1,find-plant,1,8,provenance_value,0.5,0.0,0,9.0,8.0
find-plant-v158-s1,find-plant,2,1,flat,0.5,0.0,0,9.0,8.0
find-plant-v158-s1,find-plant,2,1,same_prompt_dedup,0.5,0.0,0,9.0,8.0
find-plant-v158-s1,find-plant,2,1,provenance_value,0.5,0.0,0,9.0,8.0
find-plant-v158-s1,find-plant,2,2,flat,0.8,0.30000000000000004,0,9.0,8.0
find-plant-v158-s1,find-plant,2,2,same_prompt_dedup,0.5,0.0,0,9.0,8.0
find-plant-v158-s1,find-plant,2,2,provenance_value,0.5,0.0,0,9.0,8.0
find-plant-v158-s1,find-plant,2,4,flat,0.8,0.30000000000000004,0,9.0,8.0
find-plant-v158-s1,find-plant,2,4,same_prompt_dedup,0.5,0.0,0,9.0,8.0
find-plant-v158-s1,find-plant,2,4,provenance_value,0.5,0.0,0,9.0,8.0
find-plant-v158-s1,find-plant,2,8,flat,0.9,0.4,0,9.0,8.0
find-plant-v158-s1,find-plant,2,8,same_prompt_dedup,0.5,0.0,0,9.0,8.0
find-plant-v158-s1,find-plant,2,8,provenance_value,0.5,0.0,0,9.0,8.0
find-plant-v159-s1,find-plant,0,1,flat,0.5,0.0,0,50.0,0.0
find-plant-v159-s1,find-plant,0,1,same_prompt_dedup,0.5,0.0,0,50.0,0.0
find-plant-v159-s1,find-plant,0,1,provenance_value,0.5,0.0,0,50.0,0.0
find-plant-v159-s1,find-plant,0,2,flat,0.5,0.0,0,50.0,0.0
find-plant-v159-s1,find-plant,0,2,same_prompt_dedup,0.5,0.0,0,50.0,0.0
find-plant-v159-s1,find-plant,0,2,provenance_value,0.5,0.0,0,50.0,0.0
find-plant-v159-s1,find-plant,0,4,flat,0.5,0.0,0,50.0,0.0
find-plant-v159-s1,find-plant,0,4,same_prompt_dedup,0.5,0.0,0,50.0,0.0
find-plant-v159-s1,find-plant,0,4,provenance_value,0.5,0.0,0,50.0,0.0
find-plant-v159-s1,find-plant,0,8,flat,0.5,0.0,0,50.0,0.0
find-plant-v159-s1,find-plant,0,8,same_prompt_dedup,0.5,0.0,0,50.0,0.0
find-plant-v159-s1,find-plant,0,8,provenance_value,0.5,0.0,0,50.0,0.0
find-plant-v159-s1,find-plant,1,1,flat,0.5,0.0,0,50.0,0.0
find-plant-v159-s1,find-plant,1,1,same_prompt_dedup,0.5,0.0,0,50.0,0.0
find-plant-v159-s1,find-plant,1,1,provenance_value,0.5,0.0,0,50.0,0.0
find-plant-v159-s1,find-plant,1,2,flat,0.5,0.0,0,50.0,0.0
find-plant-v159-s1,find-plant,1,2,same_prompt_dedup,0.5,0.0,0,50.0,0.0
find-plant-v159-s1,find-plant,1,2,provenance_value,0.5,0.0,0,50.0,0.0
find-plant-v159-s1,find-plant,1,4,flat,0.5,0.0,0,50.0,0.0
find-plant-v159-s1,find-plant,1,4,same_prompt_dedup,0.5,0.0,0,50.0,0.0
find-plant-v159-s1,find-plant,1,4,provenance_value,0.5,0.0,0,50.0,0.0
find-plant-v159-s1,find-plant,1,8,flat,0.5,0.0,0,50.0,0.0
find-plant-v159-s1,find-plant,1,8,same_prompt_dedup,0.5,0.0,0,50.0,0.0
find-plant-v159-s1,find-plant,1,8,provenance_value,0.5,0.0,0,50.0,0.0
find-plant-v159-s1,find-plant,2,1,flat,0.5,0.0,0,50.0,0.0
find-plant-v159-s1,find-plant,2,1,same_prompt_dedup,0.5,0.0,0,50.0,0.0
find-plant-v159-s1,find-plant,2,1,provenance_value,0.5,0.0,0,50.0,0.0
find-plant-v159-s1,find-plant,2,2,flat,0.5,0.0,0,50.0,0.0
find-plant-v159-s1,find-plant,2,2,same_prompt_dedup,0.5,0.0,0,50.0,0.0
find-plant-v159-s1,find-plant,2,2,provenance_value,0.5,0.0,0,50.0,0.0
find-plant-v159-s1,find-plant,2,4,flat,0.5,0.0,0,50.0,0.0
find-plant-v159-s1,find-plant,2,4,same_prompt_dedup,0.5,0.0,0,50.0,0.0
find-plant-v159-s1,find-plant,2,4,provenance_value,0.5,0.0,0,50.0,0.0
find-plant-v159-s1,find-plant,2,8,flat,0.5,0.0,0,50.0,0.0
find-plant-v159-s1,find-plant,2,8,same_prompt_dedup,0.5,0.0,0,50.0,0.0
find-plant-v159-s1,find-plant,2,8,provenance_value,0.5,0.0,0,50.0,0.0
find-plant-v160-s1,find-plant,0,1,flat,0.4,0.0,0,0.0,0.0
find-plant-v160-s1,find-plant,0,1,same_prompt_dedup,0.4,0.0,0,0.0,0.0
find-plant-v160-s1,find-plant,0,1,provenance_value,0.4,0.0,0,0.0,0.0
find-plant-v160-s1,find-plant,0,2,flat,0.4,0.0,0,0.0,0.0
find-plant-v160-s1,find-plant,0,2,same_prompt_dedup,0.4,0.0,0,0.0,0.0
find-plant-v160-s1,find-plant,0,2,provenance_value,0.4,0.0,0,0.0,0.0
find-plant-v160-s1,find-plant,0,4,flat,0.4,0.0,0,0.0,0.0
find-plant-v160-s1,find-plant,0,4,same_prompt_dedup,0.4,0.0,0,0.0,0.0
find-plant-v160-s1,find-plant,0,4,provenance_value,0.4,0.0,0,0.0,0.0
find-plant-v160-s1,find-plant,0,8,flat,0.4,0.0,0,0.0,0.0
find-plant-v160-s1,find-plant,0,8,same_prompt_dedup,0.4,0.0,0,0.0,0.0
find-plant-v160-s1,find-plant,0,8,provenance_value,0.4,0.0,0,0.0,0.0
find-plant-v160-s1,find-plant,1,1,flat,0.4,0.0,0,0.0,0.0
find-plant-v160-s1,find-plant,1,1,same_prompt_dedup,0.4,0.0,0,0.0,0.0
find-plant-v160-s1,find-plant,1,1,provenance_value,0.4,0.0,0,0.0,0.0
find-plant-v160-s1,find-plant,1,2,flat,0.4,0.0,0,0.0,0.0
find-plant-v160-s1,find-plant,1,2,same_prompt_dedup,0.4,0.0,0,0.0,0.0
find-plant-v160-s1,find-plant,1,2,provenance_value,0.4,0.0,0,0.0,0.0
find-plant-v160-s1,find-plant,1,4,flat,0.4,0.0,0,0.0,0.0
find-plant-v160-s1,find-plant,1,4,same_prompt_dedup,0.4,0.0,0,0.0,0.0
find-plant-v160-s1,find-plant,1,4,provenance_value,0.4,0.0,0,0.0,0.0
find-plant-v160-s1,find-plant,1,8,flat,0.4,0.0,0,0.0,0.0
find-plant-v160-s1,find-plant,1,8,same_prompt_dedup,0.4,0.0,0,0.0,0.0
find-plant-v160-s1,find-plant,1,8,provenance_value,0.4,0.0,0,0.0,0.0
find-plant-v160-s1,find-plant,2,1,flat,0.4,0.0,0,0.0,0.0
find-plant-v160-s1,find-plant,2,1,same_prompt_dedup,0.4,0.0,0,0.0,0.0
find-plant-v160-s1,find-plant,2,1,provenance_value,0.4,0.0,0,0.0,0.0
find-plant-v160-s1,find-plant,2,2,flat,0.4,0.0,0,0.0,0.0
find-plant-v160-s1,find-plant,2,2,same_prompt_dedup,0.4,0.0,0,0.0,0.0
find-plant-v160-s1,find-plant,2,2,provenance_value,0.4,0.0,0,0.0,0.0
find-plant-v160-s1,find-plant,2,4,flat,0.4,0.0,0,0.0,0.0
find-plant-v160-s1,find-plant,2,4,same_prompt_dedup,0.4,0.0,0,0.0,0.0
find-plant-v160-s1,find-plant,2,4,provenance_value,0.4,0.0,0,0.0,0.0
find-plant-v160-s1,find-plant,2,8,flat,0.4,0.0,0,0.0,0.0
find-plant-v160-s1,find-plant,2,8,same_prompt_dedup,0.4,0.0,0,0.0,0.0
find-plant-v160-s1,find-plant,2,8,provenance_value,0.4,0.0,0,0.0,0.0
find-plant-v161-s1,find-plant,0,1,flat,0.1,0.0,0,9.0,8.0
find-plant-v161-s1,find-plant,0,1,same_prompt_dedup,0.1,0.0,0,9.0,8.0
find-plant-v161-s1,find-plant,0,1,provenance_value,0.1,0.0,0,9.0,8.0
find-plant-v161-s1,find-plant,0,2,flat,0.1,0.0,0,9.0,8.0
find-plant-v161-s1,find-plant,0,2,same_prompt_dedup,0.1,0.0,0,9.0,8.0
find-plant-v161-s1,find-plant,0,2,provenance_value,0.1,0.0,0,9.0,8.0
find-plant-v161-s1,find-plant,0,4,flat,0.1,0.0,0,9.0,8.0
find-plant-v161-s1,find-plant,0,4,same_prompt_dedup,0.1,0.0,0,9.0,8.0
find-plant-v161-s1,find-plant,0,4,provenance_value,0.1,0.0,0,9.0,8.0
find-plant-v161-s1,find-plant,0,8,flat,0.1,0.0,0,9.0,8.0
find-plant-v161-s1,find-plant,0,8,same_prompt_dedup,0.1,0.0,0,9.0,8.0
find-plant-v161-s1,find-plant,0,8,provenance_value,0.1,0.0,0,9.0,8.0
find-plant-v161-s1,find-plant,1,1,flat,0.1,0.0,0,9.0,8.0
find-plant-v161-s1,find-plant,1,1,same_prompt_dedup,0.1,0.0,0,9.0,8.0
find-plant-v161-s1,find-plant,1,1,provenance_value,0.1,0.0,0,9.0,8.0
find-plant-v161-s1,find-plant,1,2,flat,0.1,0.0,0,9.0,8.0
find-plant-v161-s1,find-plant,1,2,same_prompt_dedup,0.1,0.0,0,9.0,8.0
find-plant-v161-s1,find-plant,1,2,provenance_value,0.1,0.0,0,9.0,8.0
find-plant-v161-s1,find-plant,1,4,flat,0.1,0.0,0,9.0,8.0
find-plant-v161-s1,find-plant,1,4,same_prompt_dedup,0.1,0.0,0,9.0,8.0
find-plant-v161-s1,find-plant,1,4,provenance_value,0.1,0.0,0,9.0,8.0
find-plant-v161-s1,find-plant,1,8,flat,0.1,0.0,0,9.0,8.0
find-plant-v161-s1,find-plant,1,8,same_prompt_dedup,0.1,0.0,0,9.0,8.0
find-plant-v161-s1,find-plant,1,8,provenance_value,0.1,0.0,0,9.0,8.0
find-plant-v161-s1,find-plant,2,1,flat,0.1,0.0,0,9.0,8.0
find-plant-v161-s1,find-plant,2,1,same_prompt_dedup,0.1,0.0,0,9.0,8.0
find-plant-v161-s1,find-plant,2,1,provenance_value,0.1,0.0,0,9.0,8.0
find-plant-v161-s1,find-plant,2,2,flat,0.1,0.0,0,9.0,8.0
find-plant-v161-s1,find-plant,2,2,same_prompt_dedup,0.1,0.0,0,9.0,8.0
find-plant-v161-s1,find-plant,2,2,provenance_value,0.1,0.0,0,9.0,8.0
find-plant-v161-s1,find-plant,2,4,flat,0.1,0.0,0,9.0,8.0
find-plant-v161-s1,find-plant,2,4,same_prompt_dedup,0.1,0.0,0,9.0,8.0
find-plant-v161-s1,find-plant,2,4,provenance_value,0.1,0.0,0,9.0,8.0
find-plant-v161-s1,find-plant,2,8,flat,0.1,0.0,0,9.0,8.0
find-plant-v161-s1,find-plant,2,8,same_prompt_dedup,0.1,0.0,0,9.0,8.0
find-plant-v161-s1,find-plant,2,8,provenance_value,0.1,0.0,0,9.0,8.0
find-animal-v150-s1,find-animal,0,1,flat,0.1,0.0,0,0.0,8.0
find-animal-v150-s1,find-animal,0,1,same_prompt_dedup,0.1,0.0,0,0.0,8.0
find-animal-v150-s1,find-animal,0,1,provenance_value,0.1,0.0,0,0.0,8.0
find-animal-v150-s1,find-animal,0,2,flat,0.1,0.0,0,0.0,8.0
find-animal-v150-s1,find-animal,0,2,same_prompt_dedup,0.1,0.0,0,0.0,8.0
find-animal-v150-s1,find-animal,0,2,provenance_value,0.1,0.0,0,0.0,8.0
find-animal-v150-s1,find-animal,0,4,flat,0.1,0.0,0,0.0,8.0
find-animal-v150-s1,find-animal,0,4,same_prompt_dedup,0.1,0.0,0,0.0,8.0
find-animal-v150-s1,find-animal,0,4,provenance_value,0.1,0.0,0,0.0,8.0
find-animal-v150-s1,find-animal,0,8,flat,0.1,0.0,0,0.0,8.0
find-animal-v150-s1,find-animal,0,8,same_prompt_dedup,0.1,0.0,0,0.0,8.0
find-animal-v150-s1,find-animal,0,8,provenance_value,0.1,0.0,0,0.0,8.0
find-animal-v150-s1,find-animal,1,1,flat,0.1,0.0,0,0.0,8.0
find-animal-v150-s1,find-animal,1,1,same_prompt_dedup,0.1,0.0,0,0.0,8.0
find-animal-v150-s1,find-animal,1,1,provenance_value,0.1,0.0,0,0.0,8.0
find-animal-v150-s1,find-animal,1,2,flat,0.1,0.0,0,0.0,8.0
find-animal-v150-s1,find-animal,1,2,same_prompt_dedup,0.1,0.0,0,0.0,8.0
find-animal-v150-s1,find-animal,1,2,provenance_value,0.1,0.0,0,0.0,8.0
find-animal-v150-s1,find-animal,1,4,flat,0.1,0.0,0,0.0,8.0
find-animal-v150-s1,find-animal,1,4,same_prompt_dedup,0.1,0.0,0,0.0,8.0
find-animal-v150-s1,find-animal,1,4,provenance_value,0.1,0.0,0,0.0,8.0
find-animal-v150-s1,find-animal,1,8,flat,0.1,0.0,0,0.0,8.0
find-animal-v150-s1,find-animal,1,8,same_prompt_dedup,0.1,0.0,0,0.0,8.0
find-animal-v150-s1,find-animal,1,8,provenance_value,0.1,0.0,0,0.0,8.0
find-animal-v150-s1,find-animal,2,1,flat,0.1,0.0,0,0.0,8.0
find-animal-v150-s1,find-animal,2,1,same_prompt_dedup,0.1,0.0,0,0.0,8.0
find-animal-v150-s1,find-animal,2,1,provenance_value,0.1,0.0,0,0.0,8.0
find-animal-v150-s1,find-animal,2,2,flat,0.1,0.0,0,0.0,8.0
find-animal-v150-s1,find-animal,2,2,same_prompt_dedup,0.1,0.0,0,0.0,8.0
find-animal-v150-s1,find-animal,2,2,provenance_value,0.1,0.0,0,0.0,8.0
find-animal-v150-s1,find-animal,2,4,flat,0.1,0.0,0,0.0,8.0
find-animal-v150-s1,find-animal,2,4,same_prompt_dedup,0.1,0.0,0,0.0,8.0
find-animal-v150-s1,find-animal,2,4,provenance_value,0.1,0.0,0,0.0,8.0
find-animal-v150-s1,find-animal,2,8,flat,0.1,0.0,0,0.0,8.0
find-animal-v150-s1,find-animal,2,8,same_prompt_dedup,0.1,0.0,0,0.0,8.0
find-animal-v150-s1,find-animal,2,8,provenance_value,0.1,0.0,0,0.0,8.0
find-animal-v151-s1,find-animal,0,1,flat,1.0,0.0,0,0.0,0.0
find-animal-v151-s1,find-animal,0,1,same_prompt_dedup,1.0,0.0,0,0.0,0.0
find-animal-v151-s1,find-animal,0,1,provenance_value,1.0,0.0,0,0.0,0.0
find-animal-v151-s1,find-animal,0,2,flat,1.0,0.0,0,0.0,0.0
find-animal-v151-s1,find-animal,0,2,same_prompt_dedup,1.0,0.0,0,0.0,0.0
find-animal-v151-s1,find-animal,0,2,provenance_value,1.0,0.0,0,0.0,0.0
find-animal-v151-s1,find-animal,0,4,flat,1.0,0.0,0,0.0,0.0
find-animal-v151-s1,find-animal,0,4,same_prompt_dedup,1.0,0.0,0,0.0,0.0
find-animal-v151-s1,find-animal,0,4,provenance_value,1.0,0.0,0,0.0,0.0
find-animal-v151-s1,find-animal,0,8,flat,1.0,0.0,0,0.0,0.0
find-animal-v151-s1,find-animal,0,8,same_prompt_dedup,1.0,0.0,0,0.0,0.0
find-animal-v151-s1,find-animal,0,8,provenance_value,1.0,0.0,0,0.0,0.0
find-animal-v151-s1,find-animal,1,1,flat,1.0,0.0,0,0.0,0.0
find-animal-v151-s1,find-animal,1,1,same_prompt_dedup,1.0,0.0,0,0.0,0.0
find-animal-v151-s1,find-animal,1,1,provenance_value,1.0,0.0,0,0.0,0.0
find-animal-v151-s1,find-animal,1,2,flat,1.0,0.0,0,0.0,0.0
find-animal-v151-s1,find-animal,1,2,same_prompt_dedup,1.0,0.0,0,0.0,0.0
find-animal-v151-s1,find-animal,1,2,provenance_value,1.0,0.0,0,0.0,0.0
find-animal-v151-s1,find-animal,1,4,flat,1.0,0.0,0,0.0,0.0
find-animal-v151-s1,find-animal,1,4,same_prompt_dedup,1.0,0.0,0,0.0,0.0
find-animal-v151-s1,find-animal,1,4,provenance_value,1.0,0.0,0,0.0,0.0
find-animal-v151-s1,find-animal,1,8,flat,1.0,0.0,0,0.0,0.0
find-animal-v151-s1,find-animal,1,8,same_prompt_dedup,1.0,0.0,0,0.0,0.0
find-animal-v151-s1,find-animal,1,8,provenance_value,1.0,0.0,0,0.0,0.0
find-animal-v151-s1,find-animal,2,1,flat,1.0,0.0,0,0.0,0.0
find-animal-v151-s1,find-animal,2,1,same_prompt_dedup,1.0,0.0,0,0.0,0.0
find-animal-v151-s1,find-animal,2,1,provenance_value,1.0,0.0,0,0.0,0.0
find-animal-v151-s1,find-animal,2,2,flat,1.0,0.0,0,0.0,0.0
find-animal-v151-s1,find-animal,2,2,same_prompt_dedup,1.0,0.0,0,0.0,0.0
find-animal-v151-s1,find-animal,2,2,provenance_value,1.0,0.0,0,0.0,0.0
find-animal-v151-s1,find-animal,2,4,flat,1.0,0.0,0,0.0,0.0
find-animal-v151-s1,find-animal,2,4,same_prompt_dedup,1.0,0.0,0,0.0,0.0
find-animal-v151-s1,find-animal,2,4,provenance_value,1.0,0.0,0,0.0,0.0
find-animal-v151-s1,find-animal,2,8,flat,1.0,0.0,0,0.0,0.0
find-animal-v151-s1,find-animal,2,8,same_prompt_dedup,1.0,0.0,0,0.0,0.0
find-animal-v151-s1,find-animal,2,8,provenance_value,1.0,0.0,0,0.0,0.0
find-animal-v152-s1,find-animal,0,1,flat,0.8,0.0,0,0.0,0.0
find-animal-v152-s1,find-animal,0,1,same_prompt_dedup,0.8,0.0,0,0.0,0.0
find-animal-v152-s1,find-animal,0,1,provenance_value,0.8,0.0,0,0.0,0.0
find-animal-v152-s1,find-animal,0,2,flat,0.8,0.0,0,0.0,0.0
find-animal-v152-s1,find-animal,0,2,same_prompt_dedup,0.8,0.0,0,0.0,0.0
find-animal-v152-s1,find-animal,0,2,provenance_value,0.8,0.0,0,0.0,0.0
find-animal-v152-s1,find-animal,0,4,flat,0.8,0.0,0,0.0,0.0
find-animal-v152-s1,find-animal,0,4,same_prompt_dedup,0.8,0.0,0,0.0,0.0
find-animal-v152-s1,find-animal,0,4,provenance_value,0.8,0.0,0,0.0,0.0
find-animal-v152-s1,find-animal,0,8,flat,0.8,0.0,0,0.0,0.0
find-animal-v152-s1,find-animal,0,8,same_prompt_dedup,0.8,0.0,0,0.0,0.0
find-animal-v152-s1,find-animal,0,8,provenance_value,0.8,0.0,0,0.0,0.0
find-animal-v152-s1,find-animal,1,1,flat,0.8,0.0,0,0.0,0.0
find-animal-v152-s1,find-animal,1,1,same_prompt_dedup,0.8,0.0,0,0.0,0.0
find-animal-v152-s1,find-animal,1,1,provenance_value,0.8,0.0,0,0.0,0.0
find-animal-v152-s1,find-animal,1,2,flat,0.8,0.0,0,0.0,0.0
find-animal-v152-s1,find-animal,1,2,same_prompt_dedup,0.8,0.0,0,0.0,0.0
find-animal-v152-s1,find-animal,1,2,provenance_value,0.8,0.0,0,0.0,0.0
find-animal-v152-s1,find-animal,1,4,flat,0.8,0.0,0,0.0,0.0
find-animal-v152-s1,find-animal,1,4,same_prompt_dedup,0.8,0.0,0,0.0,0.0
find-animal-v152-s1,find-animal,1,4,provenance_value,0.8,0.0,0,0.0,0.0
find-animal-v152-s1,find-animal,1,8,flat,0.8,0.0,0,0.0,0.0
find-animal-v152-s1,find-animal,1,8,same_prompt_dedup,0.8,0.0,0,0.0,0.0
find-animal-v152-s1,find-animal,1,8,provenance_value,0.8,0.0,0,0.0,0.0
find-animal-v152-s1,find-animal,2,1,flat,0.8,0.0,0,0.0,0.0
find-animal-v152-s1,find-animal,2,1,same_prompt_dedup,0.8,0.0,0,0.0,0.0
find-animal-v152-s1,find-animal,2,1,provenance_value,0.8,0.0,0,0.0,0.0
find-animal-v152-s1,find-animal,2,2,flat,0.8,0.0,0,0.0,0.0
find-animal-v152-s1,find-animal,2,2,same_prompt_dedup,0.8,0.0,0,0.0,0.0
find-animal-v152-s1,find-animal,2,2,provenance_value,0.8,0.0,0,0.0,0.0
find-animal-v152-s1,find-animal,2,4,flat,0.8,0.0,0,0.0,0.0
find-animal-v152-s1,find-animal,2,4,same_prompt_dedup,0.8,0.0,0,0.0,0.0
find-animal-v152-s1,find-animal,2,4,provenance_value,0.8,0.0,0,0.0,0.0
find-animal-v152-s1,find-animal,2,8,flat,0.8,0.0,0,0.0,0.0
find-animal-v152-s1,find-animal,2,8,same_prompt_dedup,0.8,0.0,0,0.0,0.0
find-animal-v152-s1,find-animal,2,8,provenance_value,0.8,0.0,0,0.0,0.0
find-animal-v153-s1,find-animal,0,1,flat,0.95,0.0,0,9.0,8.0
find-animal-v153-s1,find-animal,0,1,same_prompt_dedup,0.95,0.0,0,9.0,8.0
find-animal-v153-s1,find-animal,0,1,provenance_value,0.95,0.0,0,9.0,8.0
find-animal-v153-s1,find-animal,0,2,flat,0.95,0.0,0,9.0,8.0
find-animal-v153-s1,find-animal,0,2,same_prompt_dedup,0.95,0.0,0,9.0,8.0
find-animal-v153-s1,find-animal,0,2,provenance_value,0.95,0.0,0,9.0,8.0
find-animal-v153-s1,find-animal,0,4,flat,0.95,0.0,0,9.0,8.0
find-animal-v153-s1,find-animal,0,4,same_prompt_dedup,0.95,0.0,0,9.0,8.0
find-animal-v153-s1,find-animal,0,4,provenance_value,0.95,0.0,0,9.0,8.0
find-animal-v153-s1,find-animal,0,8,flat,0.95,0.0,0,9.0,8.0
find-animal-v153-s1,find-animal,0,8,same_prompt_dedup,0.95,0.0,0,9.0,8.0
find-animal-v153-s1,find-animal,0,8,provenance_value,0.95,0.0,0,9.0,8.0
find-animal-v153-s1,find-animal,1,1,flat,0.95,0.0,0,9.0,8.0
find-animal-v153-s1,find-animal,1,1,same_prompt_dedup,0.95,0.0,0,9.0,8.0
find-animal-v153-s1,find-animal,1,1,provenance_value,0.95,0.0,0,9.0,8.0
find-animal-v153-s1,find-animal,1,2,flat,0.95,0.0,0,9.0,8.0
find-animal-v153-s1,find-animal,1,2,same_prompt_dedup,0.95,0.0,0,9.0,8.0
find-animal-v153-s1,find-animal,1,2,provenance_value,0.95,0.0,0,9.0,8.0
find-animal-v153-s1,find-animal,1,4,flat,0.95,0.0,0,9.0,8.0
find-animal-v153-s1,find-animal,1,4,same_prompt_dedup,0.95,0.0,0,9.0,8.0
find-animal-v153-s1,find-animal,1,4,provenance_value,0.95,0.0,0,9.0,8.0
find-animal-v153-s1,find-animal,1,8,flat,0.95,0.0,0,9.0,8.0
find-animal-v153-s1,find-animal,1,8,same_prompt_dedup,0.95,0.0,0,9.0,8.0
find-animal-v153-s1,find-animal,1,8,provenance_value,0.95,0.0,0,9.0,8.0
find-animal-v153-s1,find-animal,2,1,flat,0.95,0.0,0,9.0,8.0
find-animal-v153-s1,find-animal,2,1,same_prompt_dedup,0.95,0.0,0,9.0,8.0
find-animal-v153-s1,find-animal,2,1,provenance_value,0.95,0.0,0,9.0,8.0
find-animal-v153-s1,find-animal,2,2,flat,0.95,0.0,0,9.0,8.0
find-animal-v153-s1,find-animal,2,2,same_prompt_dedup,0.95,0.0,0,9.0,8.0
find-animal-v153-s1,find-animal,2,2,provenance_value,0.95,0.0,0,9.0,8.0
find-animal-v153-s1,find-animal,2,4,flat,0.95,0.0,0,9.0,8.0
find-animal-v153-s1,find-animal,2,4,same_prompt_dedup,0.95,0.0,0,9.0,8.0
find-animal-v153-s1,find-animal,2,4,provenance_value,0.95,0.0,0,9.0,8.0
find-animal-v153-s1,find-animal,2,8,flat,0.95,0.0,0,9.0,8.0
find-animal-v153-s1,find-animal,2,8,same_prompt_dedup,0.95,0.0,0,9.0,8.0
find-animal-v153-s1,find-animal,2,8,provenance_value,0.95,0.0,0,9.0,8.0
find-animal-v154-s1,find-animal,0,1,flat,0.9,0.0,0,50.0,0.0
find-animal-v154-s1,find-animal,0,1,same_prompt_dedup,0.9,0.0,0,50.0,0.0
find-animal-v154-s1,find-animal,0,1,provenance_value,0.9,0.0,0,50.0,0.0
find-animal-v154-s1,find-animal,0,2,flat,0.9,0.0,0,50.0,0.0
find-animal-v154-s1,find-animal,0,2,same_prompt_dedup,0.9,0.0,0,50.0,0.0
find-animal-v154-s1,find-animal,0,2,provenance_value,0.9,0.0,0,50.0,0.0
find-animal-v154-s1,find-animal,0,4,flat,0.9,0.0,0,50.0,0.0
find-animal-v154-s1,find-animal,0,4,same_prompt_dedup,0.9,0.0,0,50.0,0.0
find-animal-v154-s1,find-animal,0,4,provenance_value,0.9,0.0,0,50.0,0.0
find-animal-v154-s1,find-animal,0,8,flat,0.9,0.0,0,50.0,0.0
find-animal-v154-s1,find-animal,0,8,same_prompt_dedup,0.9,0.0,0,50.0,0.0
find-animal-v154-s1,find-animal,0,8,provenance_value,0.9,0.0,0,50.0,0.0
find-animal-v154-s1,find-animal,1,1,flat,0.9,0.0,0,50.0,0.0
find-animal-v154-s1,find-animal,1,1,same_prompt_dedup,0.9,0.0,0,50.0,0.0
find-animal-v154-s1,find-animal,1,1,provenance_value,0.9,0.0,0,50.0,0.0
find-animal-v154-s1,find-animal,1,2,flat,0.9,0.0,0,50.0,0.0
find-animal-v154-s1,find-animal,1,2,same_prompt_dedup,0.9,0.0,0,50.0,0.0
find-animal-v154-s1,find-animal,1,2,provenance_value,0.9,0.0,0,50.0,0.0
find-animal-v154-s1,find-animal,1,4,flat,0.9,0.0,0,50.0,0.0
find-animal-v154-s1,find-animal,1,4,same_prompt_dedup,0.9,0.0,0,50.0,0.0
find-animal-v154-s1,find-animal,1,4,provenance_value,0.9,0.0,0,50.0,0.0
find-animal-v154-s1,find-animal,1,8,flat,0.9,0.0,0,50.0,0.0
find-animal-v154-s1,find-animal,1,8,same_prompt_dedup,0.9,0.0,0,50.0,0.0
find-animal-v154-s1,find-animal,1,8,provenance_value,0.9,0.0,0,50.0,0.0
find-animal-v154-s1,find-animal,2,1,flat,0.9,0.0,0,50.0,0.0
find-animal-v154-s1,find-animal,2,1,same_prompt_dedup,0.9,0.0,0,50.0,0.0
find-animal-v154-s1,find-animal,2,1,provenance_value,0.9,0.0,0,50.0,0.0
find-animal-v154-s1,find-animal,2,2,flat,0.9,0.0,0,50.0,0.0
find-animal-v154-s1,find-animal,2,2,same_prompt_dedup,0.9,0.0,0,50.0,0.0
find-animal-v154-s1,find-animal,2,2,provenance_value,0.9,0.0,0,50.0,0.0
find-animal-v154-s1,find-animal,2,4,flat,0.9,0.0,0,50.0,0.0
find-animal-v154-s1,find-animal,2,4,same_prompt_dedup,0.9,0.0,0,50.0,0.0
find-animal-v154-s1,find-animal,2,4,provenance_value,0.9,0.0,0,50.0,0.0
find-animal-v154-s1,find-animal,2,8,flat,0.9,0.0,0,50.0,0.0
find-animal-v154-s1,find-animal,2,8,same_prompt_dedup,0.9,0.0,0,50.0,0.0
find-animal-v154-s1,find-animal,2,8,provenance_value,0.9,0.0,0,50.0,0.0
find-animal-v155-s1,find-animal,0,1,flat,0.3,0.0,0,0.0,9.0
find-animal-v155-s1,find-animal,0,1,same_prompt_dedup,0.3,0.0,0,0.0,9.0
find-animal-v155-s1,find-animal,0,1,provenance_value,0.3,0.0,0,0.0,9.0
find-animal-v155-s1,find-animal,0,2,flat,0.3,0.0,0,0.0,9.0
find-animal-v155-s1,find-animal,0,2,same_prompt_dedup,0.3,0.0,0,0.0,9.0
find-animal-v155-s1,find-animal,0,2,provenance_value,0.3,0.0,0,0.0,9.0
find-animal-v155-s1,find-animal,0,4,flat,0.3,0.0,0,0.0,9.0
find-animal-v155-s1,find-animal,0,4,same_prompt_dedup,0.3,0.0,0,0.0,9.0
find-animal-v155-s1,find-animal,0,4,provenance_value,0.3,0.0,0,0.0,9.0
find-animal-v155-s1,find-animal,0,8,flat,0.3,0.0,0,0.0,9.0
find-animal-v155-s1,find-animal,0,8,same_prompt_dedup,0.3,0.0,0,0.0,9.0
find-animal-v155-s1,find-animal,0,8,provenance_value,0.3,0.0,0,0.0,9.0
find-animal-v155-s1,find-animal,1,1,flat,0.3,0.0,0,0.0,9.0
find-animal-v155-s1,find-animal,1,1,same_prompt_dedup,0.3,0.0,0,0.0,9.0
find-animal-v155-s1,find-animal,1,1,provenance_value,0.3,0.0,0,0.0,9.0
find-animal-v155-s1,find-animal,1,2,flat,0.3,0.0,0,0.0,9.0
find-animal-v155-s1,find-animal,1,2,same_prompt_dedup,0.3,0.0,0,0.0,9.0
find-animal-v155-s1,find-animal,1,2,provenance_value,0.3,0.0,0,0.0,9.0
find-animal-v155-s1,find-animal,1,4,flat,0.3,0.0,0,0.0,9.0
find-animal-v155-s1,find-animal,1,4,same_prompt_dedup,0.3,0.0,0,0.0,9.0
find-animal-v155-s1,find-animal,1,4,provenance_value,0.3,0.0,0,0.0,9.0
find-animal-v155-s1,find-animal,1,8,flat,0.3,0.0,0,0.0,9.0
find-animal-v155-s1,find-animal,1,8,same_prompt_dedup,0.3,0.0,0,0.0,9.0
find-animal-v155-s1,find-animal,1,8,provenance_value,0.3,0.0,0,0.0,9.0
find-animal-v155-s1,find-animal,2,1,flat,0.3,0.0,0,0.0,9.0
find-animal-v155-s1,find-animal,2,1,same_prompt_dedup,0.3,0.0,0,0.0,9.0
find-animal-v155-s1,find-animal,2,1,provenance_value,0.3,0.0,0,0.0,9.0
find-animal-v155-s1,find-animal,2,2,flat,0.3,0.0,0,0.0,9.0
find-animal-v155-s1,find-animal,2,2,same_prompt_dedup,0.3,0.0,0,0.0,9.0
find-animal-v155-s1,find-animal,2,2,provenance_value,0.3,0.0,0,0.0,9.0
find-animal-v155-s1,find-animal,2,4,flat,0.3,0.0,0,0.0,9.0
find-animal-v155-s1,find-animal,2,4,same_prompt_dedup,0.3,0.0,0,0.0,9.0
find-animal-v155-s1,find-animal,2,4,provenance_value,0.3,0.0,0,0.0,9.0
find-animal-v155-s1,find-animal,2,8,flat,0.3,0.0,0,0.0,9.0
find-animal-v155-s1,find-animal,2,8,same_prompt_dedup,0.3,0.0,0,0.0,9.0
find-animal-v155-s1,find-animal,2,8,provenance_value,0.3,0.0,0,0.0,9.0
find-animal-v156-s1,find-animal,0,1,flat,0.3,0.0,0,9.0,0.0
find-animal-v156-s1,find-animal,0,1,same_prompt_dedup,0.3,0.0,0,9.0,0.0
find-animal-v156-s1,find-animal,0,1,provenance_value,0.3,0.0,0,9.0,0.0
find-animal-v156-s1,find-animal,0,2,flat,0.3,0.0,0,9.0,0.0
find-animal-v156-s1,find-animal,0,2,same_prompt_dedup,0.3,0.0,0,9.0,0.0
find-animal-v156-s1,find-animal,0,2,provenance_value,0.3,0.0,0,9.0,0.0
find-animal-v156-s1,find-animal,0,4,flat,0.3,0.0,0,9.0,0.0
find-animal-v156-s1,find-animal,0,4,same_prompt_dedup,0.3,0.0,0,9.0,0.0
find-animal-v156-s1,find-animal,0,4,provenance_value,0.3,0.0,0,9.0,0.0
find-animal-v156-s1,find-animal,0,8,flat,0.3,0.0,0,9.0,0.0
find-animal-v156-s1,find-animal,0,8,same_prompt_dedup,0.3,0.0,0,9.0,0.0
find-animal-v156-s1,find-animal,0,8,provenance_value,0.3,0.0,0,9.0,0.0
find-animal-v156-s1,find-animal,1,1,flat,0.3,0.0,0,9.0,0.0
find-animal-v156-s1,find-animal,1,1,same_prompt_dedup,0.3,0.0,0,9.0,0.0
find-animal-v156-s1,find-animal,1,1,provenance_value,0.3,0.0,0,9.0,0.0
find-animal-v156-s1,find-animal,1,2,flat,0.3,0.0,0,9.0,0.0
find-animal-v156-s1,find-animal,1,2,same_prompt_dedup,0.3,0.0,0,9.0,0.0
find-animal-v156-s1,find-animal,1,2,provenance_value,0.3,0.0,0,9.0,0.0
find-animal-v156-s1,find-animal,1,4,flat,0.3,0.0,0,9.0,0.0
find-animal-v156-s1,find-animal,1,4,same_prompt_dedup,0.3,0.0,0,9.0,0.0
find-animal-v156-s1,find-animal,1,4,provenance_value,0.3,0.0,0,9.0,0.0
find-animal-v156-s1,find-animal,1,8,flat,0.3,0.0,0,9.0,0.0
find-animal-v156-s1,find-animal,1,8,same_prompt_dedup,0.3,0.0,0,9.0,0.0
find-animal-v156-s1,find-animal,1,8,provenance_value,0.3,0.0,0,9.0,0.0
find-animal-v156-s1,find-animal,2,1,flat,0.3,0.0,0,9.0,0.0
find-animal-v156-s1,find-animal,2,1,same_prompt_dedup,0.3,0.0,0,9.0,0.0
find-animal-v156-s1,find-animal,2,1,provenance_value,0.3,0.0,0,9.0,0.0
find-animal-v156-s1,find-animal,2,2,flat,0.3,0.0,0,9.0,0.0
find-animal-v156-s1,find-animal,2,2,same_prompt_dedup,0.3,0.0,0,9.0,0.0
find-animal-v156-s1,find-animal,2,2,provenance_value,0.3,0.0,0,9.0,0.0
find-animal-v156-s1,find-animal,2,4,flat,0.3,0.0,0,9.0,0.0
find-animal-v156-s1,find-animal,2,4,same_prompt_dedup,0.3,0.0,0,9.0,0.0
find-animal-v156-s1,find-animal,2,4,provenance_value,0.3,0.0,0,9.0,0.0
find-animal-v156-s1,find-animal,2,8,flat,0.3,0.0,0,9.0,0.0
find-animal-v156-s1,find-animal,2,8,same_prompt_dedup,0.3,0.0,0,9.0,0.0
find-animal-v156-s1,find-animal,2,8,provenance_value,0.3,0.0,0,9.0,0.0
find-animal-v157-s1,find-animal,0,1,flat,0.3,0.0,0,0.0,9.0
find-animal-v157-s1,find-animal,0,1,same_prompt_dedup,0.3,0.0,0,0.0,9.0
find-animal-v157-s1,find-animal,0,1,provenance_value,0.3,0.0,0,9.0,0.0
find-animal-v157-s1,find-animal,0,2,flat,0.3,0.0,0,0.0,9.0
find-animal-v157-s1,find-animal,0,2,same_prompt_dedup,0.3,0.0,0,0.0,9.0
find-animal-v157-s1,find-animal,0,2,provenance_value,0.3,0.0,0,9.0,0.0
find-animal-v157-s1,find-animal,0,4,flat,0.3,0.0,0,0.0,9.0
find-animal-v157-s1,find-animal,0,4,same_prompt_dedup,0.3,0.0,0,0.0,9.0
find-animal-v157-s1,find-animal,0,4,provenance_value,0.3,0.0,0,9.0,0.0
find-animal-v157-s1,find-animal,0,8,flat,0.3,0.0,0,0.0,9.0
find-animal-v157-s1,find-animal,0,8,same_prompt_dedup,0.3,0.0,0,0.0,9.0
find-animal-v157-s1,find-animal,0,8,provenance_value,0.3,0.0,0,9.0,0.0
find-animal-v157-s1,find-animal,1,1,flat,0.3,0.0,0,0.0,9.0
find-animal-v157-s1,find-animal,1,1,same_prompt_dedup,0.3,0.0,0,0.0,9.0
find-animal-v157-s1,find-animal,1,1,provenance_value,0.3,0.0,0,9.0,0.0
find-animal-v157-s1,find-animal,1,2,flat,0.3,0.0,0,0.0,9.0
find-animal-v157-s1,find-animal,1,2,same_prompt_dedup,0.3,0.0,0,0.0,9.0
find-animal-v157-s1,find-animal,1,2,provenance_value,0.3,0.0,0,9.0,0.0
find-animal-v157-s1,find-animal,1,4,flat,0.3,0.0,0,0.0,9.0
find-animal-v157-s1,find-animal,1,4,same_prompt_dedup,0.3,0.0,0,0.0,9.0
find-animal-v157-s1,find-animal,1,4,provenance_value,0.3,0.0,0,9.0,0.0
find-animal-v157-s1,find-animal,1,8,flat,0.3,0.0,0,0.0,9.0
find-animal-v157-s1,find-animal,1,8,same_prompt_dedup,0.3,0.0,0,0.0,9.0
find-animal-v157-s1,find-animal,1,8,provenance_value,0.3,0.0,0,9.0,0.0
find-animal-v157-s1,find-animal,2,1,flat,0.3,0.0,0,0.0,9.0
find-animal-v157-s1,find-animal,2,1,same_prompt_dedup,0.3,0.0,0,0.0,9.0
find-animal-v157-s1,find-animal,2,1,provenance_value,0.3,0.0,0,9.0,0.0
find-animal-v157-s1,find-animal,2,2,flat,0.3,0.0,0,0.0,9.0
find-animal-v157-s1,find-animal,2,2,same_prompt_dedup,0.3,0.0,0,0.0,9.0
find-animal-v157-s1,find-animal,2,2,provenance_value,0.3,0.0,0,9.0,0.0
find-animal-v157-s1,find-animal,2,4,flat,0.3,0.0,0,0.0,9.0
find-animal-v157-s1,find-animal,2,4,same_prompt_dedup,0.3,0.0,0,0.0,9.0
find-animal-v157-s1,find-animal,2,4,provenance_value,0.3,0.0,0,9.0,0.0
find-animal-v157-s1,find-animal,2,8,flat,0.3,0.0,0,0.0,9.0
find-animal-v157-s1,find-animal,2,8,same_prompt_dedup,0.3,0.0,0,0.0,9.0
find-animal-v157-s1,find-animal,2,8,provenance_value,0.3,0.0,0,9.0,0.0
find-animal-v158-s1,find-animal,0,1,flat,0.8,0.0,0,0.0,0.0
find-animal-v158-s1,find-animal,0,1,same_prompt_dedup,0.8,0.0,0,0.0,0.0
find-animal-v158-s1,find-animal,0,1,provenance_value,0.8,0.0,0,0.0,0.0
find-animal-v158-s1,find-animal,0,2,flat,0.8,0.0,0,0.0,0.0
find-animal-v158-s1,find-animal,0,2,same_prompt_dedup,0.8,0.0,0,0.0,0.0
find-animal-v158-s1,find-animal,0,2,provenance_value,0.8,0.0,0,0.0,0.0
find-animal-v158-s1,find-animal,0,4,flat,0.8,0.0,0,0.0,0.0
find-animal-v158-s1,find-animal,0,4,same_prompt_dedup,0.8,0.0,0,0.0,0.0
find-animal-v158-s1,find-animal,0,4,provenance_value,0.8,0.0,0,0.0,0.0
find-animal-v158-s1,find-animal,0,8,flat,0.8,0.0,0,0.0,0.0
find-animal-v158-s1,find-animal,0,8,same_prompt_dedup,0.8,0.0,0,0.0,0.0
find-animal-v158-s1,find-animal,0,8,provenance_value,0.8,0.0,0,0.0,0.0
find-animal-v158-s1,find-animal,1,1,flat,0.8,0.0,0,0.0,0.0
find-animal-v158-s1,find-animal,1,1,same_prompt_dedup,0.8,0.0,0,0.0,0.0
find-animal-v158-s1,find-animal,1,1,provenance_value,0.8,0.0,0,0.0,0.0
find-animal-v158-s1,find-animal,1,2,flat,0.8,0.0,0,0.0,0.0
find-animal-v158-s1,find-animal,1,2,same_prompt_dedup,0.8,0.0,0,0.0,0.0
find-animal-v158-s1,find-animal,1,2,provenance_value,0.8,0.0,0,0.0,0.0
find-animal-v158-s1,find-animal,1,4,flat,0.8,0.0,0,0.0,0.0
find-animal-v158-s1,find-animal,1,4,same_prompt_dedup,0.8,0.0,0,0.0,0.0
find-animal-v158-s1,find-animal,1,4,provenance_value,0.8,0.0,0,0.0,0.0
find-animal-v158-s1,find-animal,1,8,flat,0.8,0.0,0,0.0,0.0
find-animal-v158-s1,find-animal,1,8,same_prompt_dedup,0.8,0.0,0,0.0,0.0
find-animal-v158-s1,find-animal,1,8,provenance_value,0.8,0.0,0,0.0,0.0
find-animal-v158-s1,find-animal,2,1,flat,0.8,0.0,0,0.0,0.0
find-animal-v158-s1,find-animal,2,1,same_prompt_dedup,0.8,0.0,0,0.0,0.0
find-animal-v158-s1,find-animal,2,1,provenance_value,0.8,0.0,0,0.0,0.0
find-animal-v158-s1,find-animal,2,2,flat,0.8,0.0,0,0.0,0.0
find-animal-v158-s1,find-animal,2,2,same_prompt_dedup,0.8,0.0,0,0.0,0.0
find-animal-v158-s1,find-animal,2,2,provenance_value,0.8,0.0,0,0.0,0.0
find-animal-v158-s1,find-animal,2,4,flat,0.8,0.0,0,0.0,0.0
find-animal-v158-s1,find-animal,2,4,same_prompt_dedup,0.8,0.0,0,0.0,0.0
find-animal-v158-s1,find-animal,2,4,provenance_value,0.8,0.0,0,0.0,0.0
find-animal-v158-s1,find-animal,2,8,flat,0.8,0.0,0,0.0,0.0
find-animal-v158-s1,find-animal,2,8,same_prompt_dedup,0.8,0.0,0,0.0,0.0
find-animal-v158-s1,find-animal,2,8,provenance_value,0.8,0.0,0,0.0,0.0
find-animal-v159-s1,find-animal,0,1,flat,0.4,0.0,0,9.0,0.0
find-animal-v159-s1,find-animal,0,1,same_prompt_dedup,0.4,0.0,0,9.0,0.0
find-animal-v159-s1,find-animal,0,1,provenance_value,0.4,0.0,0,9.0,0.0
find-animal-v159-s1,find-animal,0,2,flat,0.4,0.0,0,9.0,0.0
find-animal-v159-s1,find-animal,0,2,same_prompt_dedup,0.4,0.0,0,9.0,0.0
find-animal-v159-s1,find-animal,0,2,provenance_value,0.4,0.0,0,9.0,0.0
find-animal-v159-s1,find-animal,0,4,flat,0.4,0.0,0,9.0,0.0
find-animal-v159-s1,find-animal,0,4,same_prompt_dedup,0.4,0.0,0,9.0,0.0
find-animal-v159-s1,find-animal,0,4,provenance_value,0.4,0.0,0,9.0,0.0
find-animal-v159-s1,find-animal,0,8,flat,0.4,0.0,0,9.0,0.0
find-animal-v159-s1,find-animal,0,8,same_prompt_dedup,0.4,0.0,0,9.0,0.0
find-animal-v159-s1,find-animal,0,8,provenance_value,0.4,0.0,0,9.0,0.0
find-animal-v159-s1,find-animal,1,1,flat,0.4,0.0,0,9.0,0.0
find-animal-v159-s1,find-animal,1,1,same_prompt_dedup,0.4,0.0,0,9.0,0.0
find-animal-v159-s1,find-animal,1,1,provenance_value,0.4,0.0,0,9.0,0.0
find-animal-v159-s1,find-animal,1,2,flat,0.4,0.0,0,9.0,0.0
find-animal-v159-s1,find-animal,1,2,same_prompt_dedup,0.4,0.0,0,9.0,0.0
find-animal-v159-s1,find-animal,1,2,provenance_value,0.4,0.0,0,9.0,0.0
find-animal-v159-s1,find-animal,1,4,flat,0.4,0.0,0,9.0,0.0
find-animal-v159-s1,find-animal,1,4,same_prompt_dedup,0.4,0.0,0,9.0,0.0
find-animal-v159-s1,find-animal,1,4,provenance_value,0.4,0.0,0,9.0,0.0
find-animal-v159-s1,find-animal,1,8,flat,0.4,0.0,0,9.0,0.0
find-animal-v159-s1,find-animal,1,8,same_prompt_dedup,0.4,0.0,0,9.0,0.0
find-animal-v159-s1,find-animal,1,8,provenance_value,0.4,0.0,0,9.0,0.0
find-animal-v159-s1,find-animal,2,1,flat,0.4,0.0,0,9.0,0.0
find-animal-v159-s1,find-animal,2,1,same_prompt_dedup,0.4,0.0,0,9.0,0.0
find-animal-v159-s1,find-animal,2,1,provenance_value,0.4,0.0,0,9.0,0.0
find-animal-v159-s1,find-animal,2,2,flat,0.4,0.0,0,9.0,0.0
find-animal-v159-s1,find-animal,2,2,same_prompt_dedup,0.4,0.0,0,9.0,0.0
find-animal-v159-s1,find-animal,2,2,provenance_value,0.4,0.0,0,9.0,0.0
find-animal-v159-s1,find-animal,2,4,flat,0.4,0.0,0,9.0,0.0
find-animal-v159-s1,find-animal,2,4,same_prompt_dedup,0.4,0.0,0,9.0,0.0
find-animal-v159-s1,find-animal,2,4,provenance_value,0.4,0.0,0,9.0,0.0
find-animal-v159-s1,find-animal,2,8,flat,0.4,0.0,0,9.0,0.0
find-animal-v159-s1,find-animal,2,8,same_prompt_dedup,0.4,0.0,0,9.0,0.0
find-animal-v159-s1,find-animal,2,8,provenance_value,0.4,0.0,0,9.0,0.0
find-animal-v160-s1,find-animal,0,1,flat,0.1,0.0,0,0.0,0.0
find-animal-v160-s1,find-animal,0,1,same_prompt_dedup,0.1,0.0,0,0.0,0.0
find-animal-v160-s1,find-animal,0,1,provenance_value,0.1,0.0,0,0.0,0.0
find-animal-v160-s1,find-animal,0,2,flat,0.1,0.0,0,0.0,0.0
find-animal-v160-s1,find-animal,0,2,same_prompt_dedup,0.1,0.0,0,0.0,0.0
find-animal-v160-s1,find-animal,0,2,provenance_value,0.1,0.0,0,0.0,0.0
find-animal-v160-s1,find-animal,0,4,flat,0.1,0.0,0,0.0,0.0
find-animal-v160-s1,find-animal,0,4,same_prompt_dedup,0.1,0.0,0,0.0,0.0
find-animal-v160-s1,find-animal,0,4,provenance_value,0.1,0.0,0,0.0,0.0
find-animal-v160-s1,find-animal,0,8,flat,0.1,0.0,0,0.0,0.0
find-animal-v160-s1,find-animal,0,8,same_prompt_dedup,0.1,0.0,0,0.0,0.0
find-animal-v160-s1,find-animal,0,8,provenance_value,0.1,0.0,0,0.0,0.0
find-animal-v160-s1,find-animal,1,1,flat,0.1,0.0,0,0.0,0.0
find-animal-v160-s1,find-animal,1,1,same_prompt_dedup,0.1,0.0,0,0.0,0.0
find-animal-v160-s1,find-animal,1,1,provenance_value,0.1,0.0,0,0.0,0.0
find-animal-v160-s1,find-animal,1,2,flat,0.1,0.0,0,0.0,0.0
find-animal-v160-s1,find-animal,1,2,same_prompt_dedup,0.1,0.0,0,0.0,0.0
find-animal-v160-s1,find-animal,1,2,provenance_value,0.1,0.0,0,0.0,0.0
find-animal-v160-s1,find-animal,1,4,flat,0.1,0.0,0,0.0,0.0
find-animal-v160-s1,find-animal,1,4,same_prompt_dedup,0.1,0.0,0,0.0,0.0
find-animal-v160-s1,find-animal,1,4,provenance_value,0.1,0.0,0,0.0,0.0
find-animal-v160-s1,find-animal,1,8,flat,0.1,0.0,0,0.0,0.0
find-animal-v160-s1,find-animal,1,8,same_prompt_dedup,0.1,0.0,0,0.0,0.0
find-animal-v160-s1,find-animal,1,8,provenance_value,0.1,0.0,0,0.0,0.0
find-animal-v160-s1,find-animal,2,1,flat,0.1,0.0,0,0.0,0.0
find-animal-v160-s1,find-animal,2,1,same_prompt_dedup,0.1,0.0,0,0.0,0.0
find-animal-v160-s1,find-animal,2,1,provenance_value,0.1,0.0,0,0.0,0.0
find-animal-v160-s1,find-animal,2,2,flat,0.1,0.0,0,0.0,0.0
find-animal-v160-s1,find-animal,2,2,same_prompt_dedup,0.1,0.0,0,0.0,0.0
find-animal-v160-s1,find-animal,2,2,provenance_value,0.1,0.0,0,0.0,0.0
find-animal-v160-s1,find-animal,2,4,flat,0.1,0.0,0,0.0,0.0
find-animal-v160-s1,find-animal,2,4,same_prompt_dedup,0.1,0.0,0,0.0,0.0
find-animal-v160-s1,find-animal,2,4,provenance_value,0.1,0.0,0,0.0,0.0
find-animal-v160-s1,find-animal,2,8,flat,0.1,0.0,0,0.0,0.0
find-animal-v160-s1,find-animal,2,8,same_prompt_dedup,0.1,0.0,0,0.0,0.0
find-animal-v160-s1,find-animal,2,8,provenance_value,0.1,0.0,0,0.0,0.0
find-animal-v161-s1,find-animal,0,1,flat,0.6,0.0,0,0.0,0.0
find-animal-v161-s1,find-animal,0,1,same_prompt_dedup,0.6,0.0,0,0.0,0.0
find-animal-v161-s1,find-animal,0,1,provenance_value,0.6,0.0,0,0.0,0.0
find-animal-v161-s1,find-animal,0,2,flat,0.6,0.0,0,0.0,0.0
find-animal-v161-s1,find-animal,0,2,same_prompt_dedup,0.6,0.0,0,0.0,0.0
find-animal-v161-s1,find-animal,0,2,provenance_value,0.6,0.0,0,0.0,0.0
find-animal-v161-s1,find-animal,0,4,flat,0.6,0.0,0,0.0,0.0
find-animal-v161-s1,find-animal,0,4,same_prompt_dedup,0.6,0.0,0,0.0,0.0
find-animal-v161-s1,find-animal,0,4,provenance_value,0.6,0.0,0,0.0,0.0
find-animal-v161-s1,find-animal,0,8,flat,0.6,0.0,0,0.0,0.0
find-animal-v161-s1,find-animal,0,8,same_prompt_dedup,0.6,0.0,0,0.0,0.0
find-animal-v161-s1,find-animal,0,8,provenance_value,0.6,0.0,0,0.0,0.0
find-animal-v161-s1,find-animal,1,1,flat,0.6,0.0,0,0.0,0.0
find-animal-v161-s1,find-animal,1,1,same_prompt_dedup,0.6,0.0,0,0.0,0.0
find-animal-v161-s1,find-animal,1,1,provenance_value,0.6,0.0,0,0.0,0.0
find-animal-v161-s1,find-animal,1,2,flat,0.6,0.0,0,0.0,0.0
find-animal-v161-s1,find-animal,1,2,same_prompt_dedup,0.6,0.0,0,0.0,0.0
find-animal-v161-s1,find-animal,1,2,provenance_value,0.6,0.0,0,0.0,0.0
find-animal-v161-s1,find-animal,1,4,flat,0.6,0.0,0,0.0,0.0
find-animal-v161-s1,find-animal,1,4,same_prompt_dedup,0.6,0.0,0,0.0,0.0
find-animal-v161-s1,find-animal,1,4,provenance_value,0.6,0.0,0,0.0,0.0
find-animal-v161-s1,find-animal,1,8,flat,0.6,0.0,0,0.0,0.0
find-animal-v161-s1,find-animal,1,8,same_prompt_dedup,0.6,0.0,0,0.0,0.0
find-animal-v161-s1,find-animal,1,8,provenance_value,0.6,0.0,0,0.0,0.0
find-animal-v161-s1,find-animal,2,1,flat,0.6,0.0,0,0.0,0.0
find-animal-v161-s1,find-animal,2,1,same_prompt_dedup,0.6,0.0,0,0.0,0.0
find-animal-v161-s1,find-animal,2,1,provenance_value,0.6,0.0,0,0.0,0.0
find-animal-v161-s1,find-animal,2,2,flat,0.6,0.0,0,0.0,0.0
find-animal-v161-s1,find-animal,2,2,same_prompt_dedup,0.6,0.0,0,0.0,0.0
find-animal-v161-s1,find-animal,2,2,provenance_value,0.6,0.0,0,0.0,0.0
find-animal-v161-s1,find-animal,2,4,flat,0.6,0.0,0,0.0,0.0
find-animal-v161-s1,find-animal,2,4,same_prompt_dedup,0.6,0.0,0,0.0,0.0
find-animal-v161-s1,find-animal,2,4,provenance_value,0.6,0.0,0,0.0,0.0
find-animal-v161-s1,find-animal,2,8,flat,0.6,0.0,0,0.0,0.0
find-animal-v161-s1,find-animal,2,8,same_prompt_dedup,0.6,0.0,0,0.0,0.0
find-animal-v161-s1,find-animal,2,8,provenance_value,0.6,0.0,0,0.0,0.0
