task,method,duplication,root_p_true,belief_drift_from_evidence,action_flip_from_m1,immediate_reward,immediate_candidate_regret
find-animal,flat,1,0.5458333333333333,0.0,0.0,6.416666666666667,2.8333333333333335
find-animal,flat,2,0.5458333333333333,0.0,0.0,6.416666666666667,2.8333333333333335
find-animal,flat,4,0.5458333333333333,0.0,0.0,6.416666666666667,2.8333333333333335
find-animal,flat,8,0.5458333333333333,0.0,0.0,6.416666666666667,2.8333333333333335
find-animal,provenance_value,1,0.5458333333333333,0.0,0.0,7.166666666666667,2.0833333333333335
find-animal,provenance_value,2,0.5458333333333333,0.0,0.0,7.166666666666667,2.0833333333333335
find-animal,provenance_value,4,0.5458333333333333,0.0,0.0,7.166666666666667,2.0833333333333335
find-animal,provenance_value,8,0.5458333333333333,0.0,0.0,7.166666666666667,2.0833333333333335
find-animal,same_prompt_dedup,1,0.5458333333333333,0.0,0.0,6.416666666666667,2.8333333333333335
find-animal,same_prompt_dedup,2,0.5458333333333333,0.0,0.0,6.416666666666667,2.8333333333333335
find-animal,same_prompt_dedup,4,0.5458333333333333,0.0,0.0,6.416666666666667,2.8333333333333335
find-animal,same_prompt_dedup,8,0.5458333333333333,0.0,0.0,6.416666666666667,2.8333333333333335
find-plant,flat,1,0.5666666666666667,0.0,0.0,31.416666666666668,2.0
find-plant,flat,2,0.5833333333333334,0.01666666666666667,0.0,31.416666666666668,2.0
find-plant,flat,4,0.5972222222222222,0.030555555555555558,0.0,31.416666666666668,2.0
find-plant,flat,8,0.625,0.058333333333333334,0.0,31.416666666666668,2.0
find-plant,provenance_value,1,0.5666666666666667,0.0,0.0,27.25,6.166666666666667
find-plant,provenance_value,2,0.5666666666666667,0.0,0.0,27.25,6.166666666666667
find-plant,provenance_value,4,0.5666666666666667,0.0,0.0,27.25,6.166666666666667
find-plant,provenance_value,8,0.5666666666666667,0.0,0.0,27.25,6.166666666666667
find-plant,same_prompt_dedup,1,0.5666666666666667,0.0,0.0,31.416666666666668,2.0
find-plant,same_prompt_dedup,2,0.5666666666666667,0.0,0.0,31.416666666666668,2.0
find-plant,same_prompt_dedup,4,0.5666666666666667,0.0,0.0,31.416666666666668,2.0
find-plant,same_prompt_dedup,8,0.5666666666666667,0.0,0.0,31.416666666666668,2.0
