protocol,task_family,variation,experiment_method,duplication,root_confidence_first,root_confidence_last,root_confidence_delta,confidence_steps
fresh_key_success,find-animal,156,flat,1,0.4,0.3,-0.10000000000000003,8
fresh_key_success,find-animal,156,flat,4,0.4,0.3,-0.10000000000000003,8
fresh_key_success,find-animal,156,provenance_success,1,0.4,0.3,-0.10000000000000003,8
fresh_key_success,find-animal,156,provenance_success,4,0.4,0.05,-0.35000000000000003,8
fresh_key_success,find-animal,157,flat,1,0.4,0.5,0.09999999999999998,8
fresh_key_success,find-animal,157,flat,4,0.4,0.5,0.09999999999999998,8
fresh_key_success,find-animal,157,provenance_success,1,0.4,0.3,-0.10000000000000003,8
fresh_key_success,find-animal,157,provenance_success,4,0.4,0.4,0.0,8
fresh_key_success,find-animal,158,flat,1,0.8,0.2,-0.6000000000000001,8
fresh_key_success,find-animal,158,flat,4,0.8,0.1,-0.7000000000000001,8
fresh_key_success,find-animal,158,provenance_success,1,0.8,0.5,-0.30000000000000004,8
fresh_key_success,find-animal,158,provenance_success,4,0.8,0.5,-0.30000000000000004,8
fresh_key_success,find-animal,159,flat,1,0.4,0.2,-0.2,8
fresh_key_success,find-animal,159,flat,4,0.4,0.2,-0.2,8
fresh_key_success,find-animal,159,provenance_success,1,0.4,0.2,-0.2,8
fresh_key_success,find-animal,159,provenance_success,4,0.4,0.3,-0.10000000000000003,8
fresh_key_success,find-animal,160,flat,1,0.3,0.5,0.2,8
fresh_key_success,find-animal,160,flat,4,0.3,1.0,0.7,7
fresh_key_success,find-animal,160,provenance_success,1,0.3,0.01,-0.29,8
fresh_key_success,find-animal,160,provenance_success,4,0.3,0.95,0.6499999999999999,8
fresh_key_success,find-animal,161,flat,1,0.8,0.5,-0.30000000000000004,8
fresh_key_success,find-animal,161,flat,4,0.8,0.5,-0.30000000000000004,8
fresh_key_success,find-animal,161,provenance_success,1,0.8,0.5,-0.30000000000000004,8
fresh_key_success,find-animal,161,provenance_success,4,0.8,0.5,-0.30000000000000004,8
fresh_key_success,find-plant,156,flat,1,0.8,0.95,0.1499999999999999,5
fresh_key_success,find-plant,156,flat,4,0.8,0.95,0.1499999999999999,5
fresh_key_success,find-plant,156,provenance_success,1,0.8,1.0,0.19999999999999996,5
fresh_key_success,find-plant,156,provenance_success,4,0.6,0.95,0.35,6
fresh_key_success,find-plant,157,flat,1,0.6,0.9,0.30000000000000004,5
fresh_key_success,find-plant,157,flat,4,0.6,0.9,0.30000000000000004,5
fresh_key_success,find-plant,157,provenance_success,1,0.6,0.9,0.30000000000000004,5
fresh_key_success,find-plant,157,provenance_success,4,0.6,0.95,0.35,6
fresh_key_success,find-plant,158,flat,1,0.6,0.95,0.35,4
fresh_key_success,find-plant,158,flat,4,0.6,0.95,0.35,4
fresh_key_success,find-plant,158,provenance_success,1,0.6,0.95,0.35,4
fresh_key_success,find-plant,158,provenance_success,4,0.5,0.95,0.44999999999999996,4
fresh_key_success,find-plant,159,flat,1,0.6,0.95,0.35,5
fresh_key_success,find-plant,159,flat,4,0.6,0.5,-0.09999999999999998,8
fresh_key_success,find-plant,159,provenance_success,1,0.6,0.95,0.35,6
fresh_key_success,find-plant,159,provenance_success,4,0.5,0.95,0.44999999999999996,7
fresh_key_success,find-plant,160,flat,1,0.5,1.0,0.5,7
fresh_key_success,find-plant,160,flat,4,0.5,0.95,0.44999999999999996,7
fresh_key_success,find-plant,160,provenance_success,1,0.5,1.0,0.5,7
fresh_key_success,find-plant,160,provenance_success,4,0.5,0.1,-0.4,8
fresh_key_success,find-plant,161,flat,1,0.6,0.5,-0.09999999999999998,4
fresh_key_success,find-plant,161,flat,4,0.5,0.8,0.30000000000000004,4
fresh_key_success,find-plant,161,provenance_success,1,0.6,0.5,-0.09999999999999998,4
fresh_key_success,find-plant,161,provenance_success,4,0.5,0.9,0.4,6
refreshed_llm,find-animal,150,flat,1,0.3,0.2,-0.09999999999999998,8
refreshed_llm,find-animal,150,flat,4,0.2,0.5,0.3,8
refreshed_llm,find-animal,150,provenance,1,0.3,0.95,0.6499999999999999,8
refreshed_llm,find-animal,150,provenance,4,0.2,0.0,-0.2,8
refreshed_llm,find-animal,151,flat,1,0.2,0.95,0.75,8
refreshed_llm,find-animal,151,flat,4,0.3,0.1,-0.19999999999999998,8
refreshed_llm,find-animal,151,provenance,1,0.2,0.5,0.3,8
refreshed_llm,find-animal,151,provenance,4,0.3,0.1,-0.19999999999999998,8
refreshed_llm,find-animal,152,flat,1,0.8,0.5,-0.30000000000000004,7
refreshed_llm,find-animal,152,flat,4,0.8,0.5,-0.30000000000000004,7
refreshed_llm,find-animal,152,provenance,1,0.8,0.2,-0.6000000000000001,7
refreshed_llm,find-animal,152,provenance,4,0.8,0.5,-0.30000000000000004,7
refreshed_llm,find-animal,153,flat,1,0.6,0.95,0.35,4
refreshed_llm,find-animal,153,flat,4,0.6,1.0,0.4,4
refreshed_llm,find-animal,153,provenance,1,0.6,0.95,0.35,4
refreshed_llm,find-animal,153,provenance,4,0.6,1.0,0.4,4
refreshed_llm,find-animal,154,flat,1,0.6,1.0,0.4,5
refreshed_llm,find-animal,154,flat,4,0.4,1.0,0.6,5
refreshed_llm,find-animal,154,provenance,1,0.6,1.0,0.4,5
refreshed_llm,find-animal,154,provenance,4,0.4,1.0,0.6,5
refreshed_llm,find-animal,155,flat,1,0.6,0.6,0.0,8
refreshed_llm,find-animal,155,flat,4,0.6,0.4,-0.19999999999999996,8
refreshed_llm,find-animal,155,provenance,1,0.6,0.4,-0.19999999999999996,8
refreshed_llm,find-animal,155,provenance,4,0.6,0.4,-0.19999999999999996,8
refreshed_llm,find-plant,150,flat,1,0.1,0.1,0.0,8
refreshed_llm,find-plant,150,flat,4,0.1,0.95,0.85,8
refreshed_llm,find-plant,150,provenance,1,0.1,0.1,0.0,8
refreshed_llm,find-plant,150,provenance,4,0.1,0.9,0.8,8
refreshed_llm,find-plant,151,flat,1,0.1,1.0,0.9,5
refreshed_llm,find-plant,151,flat,4,0.1,0.95,0.85,8
refreshed_llm,find-plant,151,provenance,1,0.1,0.95,0.85,8
refreshed_llm,find-plant,151,provenance,4,0.1,0.95,0.85,8
refreshed_llm,find-plant,152,flat,1,0.5,0.9,0.4,4
refreshed_llm,find-plant,152,flat,4,0.4,0.9,0.5,4
refreshed_llm,find-plant,152,provenance,1,0.5,0.9,0.4,4
refreshed_llm,find-plant,152,provenance,4,0.4,0.9,0.5,4
refreshed_llm,find-plant,153,flat,1,0.6,0.9,0.30000000000000004,5
refreshed_llm,find-plant,153,flat,4,0.7,0.9,0.20000000000000007,5
refreshed_llm,find-plant,153,provenance,1,0.6,0.9,0.30000000000000004,5
refreshed_llm,find-plant,153,provenance,4,0.7,0.9,0.20000000000000007,5
refreshed_llm,find-plant,154,flat,1,0.6,0.95,0.35,5
refreshed_llm,find-plant,154,flat,4,0.6,0.95,0.35,5
refreshed_llm,find-plant,154,provenance,1,0.6,0.95,0.35,5
refreshed_llm,find-plant,154,provenance,4,0.6,0.95,0.35,5
refreshed_llm,find-plant,155,flat,1,0.6,0.95,0.35,5
refreshed_llm,find-plant,155,flat,4,0.6,0.9,0.30000000000000004,6
refreshed_llm,find-plant,155,provenance,1,0.6,0.95,0.35,5
refreshed_llm,find-plant,155,provenance,4,0.6,0.95,0.35,7
