task_type,game_id,method,duplication,success,reward,final_score,steps,unnecessary_actions,charged_tokens,root_confidence_first,root_confidence_last,mean_belief_drift,initial_success_probability,calibration_brier,confidence_steps,errors,trace_file
1,2ba9622c19f2,no_imagination,1,0,0.0,0.0,12,0,11475,0.1,0.2,0.0,0.05,0.0025000000000000005,12,[],results_submission/alfworld_interactive_v10_deepseek/traces/t1-g2ba9622c19f2-no_imagination-m1.jsonl
1,2ba9622c19f2,no_imagination,4,0,0.0,0.0,12,0,11475,0.1,0.2,0.0,0.05,0.0025000000000000005,12,[],results_submission/alfworld_interactive_v10_deepseek/traces/t1-g2ba9622c19f2-no_imagination-m4.jsonl
1,2ba9622c19f2,flat,1,0,0.0,0.0,12,0,49682,0.1,0.2,0.12083333333333335,0.5,0.25,12,[],results_submission/alfworld_interactive_v10_deepseek/traces/t1-g2ba9622c19f2-flat-m1.jsonl
1,2ba9622c19f2,flat,4,0,0.0,0.0,12,0,68562,0.1,0.2,0.15000000000000002,0.5,0.25,12,[],results_submission/alfworld_interactive_v10_deepseek/traces/t1-g2ba9622c19f2-flat-m4.jsonl
1,2ba9622c19f2,provenance_value,1,0,0.0,0.0,12,0,27287,0.1,0.2,0.0,0.18000000000000002,0.032400000000000005,12,[],results_submission/alfworld_interactive_v10_deepseek/traces/t1-g2ba9622c19f2-provenance_value-m1.jsonl
1,2ba9622c19f2,provenance_value,4,0,0.0,0.0,12,0,27287,0.1,0.2,0.0,0.18000000000000002,0.032400000000000005,12,[],results_submission/alfworld_interactive_v10_deepseek/traces/t1-g2ba9622c19f2-provenance_value-m4.jsonl
2,73529a48be7b,no_imagination,1,0,0.0,0.0,12,8,13120,0.1,0.5,0.0,0.1,0.010000000000000002,12,[],results_submission/alfworld_interactive_v10_deepseek/traces/t2-g73529a48be7b-no_imagination-m1.jsonl
2,73529a48be7b,no_imagination,4,0,0.0,0.0,12,8,13120,0.1,0.5,0.0,0.1,0.010000000000000002,12,[],results_submission/alfworld_interactive_v10_deepseek/traces/t2-g73529a48be7b-no_imagination-m4.jsonl
2,73529a48be7b,flat,1,0,0.0,0.0,12,2,55201,0.1,0.2,0.004166666666666661,0.35,0.12249999999999998,12,[],results_submission/alfworld_interactive_v10_deepseek/traces/t2-g73529a48be7b-flat-m1.jsonl
2,73529a48be7b,flat,4,0,0.0,0.0,12,5,73285,0.1,0.2,-0.037500000000000006,0.35,0.12249999999999998,12,[],results_submission/alfworld_interactive_v10_deepseek/traces/t2-g73529a48be7b-flat-m4.jsonl
2,73529a48be7b,provenance_value,1,0,0.0,0.0,12,6,30855,0.1,0.0,0.0,0.17,0.028900000000000006,12,[],results_submission/alfworld_interactive_v10_deepseek/traces/t2-g73529a48be7b-provenance_value-m1.jsonl
2,73529a48be7b,provenance_value,4,0,0.0,0.0,12,6,30855,0.1,0.0,0.0,0.17,0.028900000000000006,12,[],results_submission/alfworld_interactive_v10_deepseek/traces/t2-g73529a48be7b-provenance_value-m4.jsonl
3,9fe7f42bcf2c,no_imagination,1,0,0.0,0.0,12,0,17429,0.7,0.5,0.0,0.05,0.0025000000000000005,12,[],results_submission/alfworld_interactive_v10_deepseek/traces/t3-g9fe7f42bcf2c-no_imagination-m1.jsonl
3,9fe7f42bcf2c,no_imagination,4,0,0.0,0.0,12,0,17429,0.7,0.5,0.0,0.05,0.0025000000000000005,12,[],results_submission/alfworld_interactive_v10_deepseek/traces/t3-g9fe7f42bcf2c-no_imagination-m4.jsonl
3,9fe7f42bcf2c,flat,1,0,0.0,0.0,12,0,68434,0.7,0.5,0.06666666666666667,0.45,0.2025,12,[],results_submission/alfworld_interactive_v10_deepseek/traces/t3-g9fe7f42bcf2c-flat-m1.jsonl
3,9fe7f42bcf2c,flat,4,0,0.0,0.0,12,0,87477,0.7,0.5,0.08333333333333333,0.5,0.25,12,[],results_submission/alfworld_interactive_v10_deepseek/traces/t3-g9fe7f42bcf2c-flat-m4.jsonl
3,9fe7f42bcf2c,provenance_value,1,0,0.0,0.0,12,0,47150,0.7,0.5,0.0,0.61,0.3721,12,[],results_submission/alfworld_interactive_v10_deepseek/traces/t3-g9fe7f42bcf2c-provenance_value-m1.jsonl
3,9fe7f42bcf2c,provenance_value,4,0,0.0,0.0,12,0,47150,0.7,0.5,0.0,0.61,0.3721,12,[],results_submission/alfworld_interactive_v10_deepseek/traces/t3-g9fe7f42bcf2c-provenance_value-m4.jsonl
4,4f0380cbd7f3,no_imagination,1,0,0.0,0.0,12,0,15438,0.1,0.9,0.0,0.05,0.0025000000000000005,12,[],results_submission/alfworld_interactive_v10_deepseek/traces/t4-g4f0380cbd7f3-no_imagination-m1.jsonl
4,4f0380cbd7f3,no_imagination,4,0,0.0,0.0,12,0,15438,0.1,0.9,0.0,0.05,0.0025000000000000005,12,[],results_submission/alfworld_interactive_v10_deepseek/traces/t4-g4f0380cbd7f3-no_imagination-m4.jsonl
4,4f0380cbd7f3,flat,1,0,0.0,0.0,12,0,62034,0.1,0.5,0.07083333333333335,0.35,0.12249999999999998,12,[],results_submission/alfworld_interactive_v10_deepseek/traces/t4-g4f0380cbd7f3-flat-m1.jsonl
4,4f0380cbd7f3,flat,4,0,0.0,0.0,12,0,80899,0.1,0.5,0.15,0.35,0.12249999999999998,12,[],results_submission/alfworld_interactive_v10_deepseek/traces/t4-g4f0380cbd7f3-flat-m4.jsonl
4,4f0380cbd7f3,provenance_value,1,0,0.0,0.0,12,0,35435,0.1,0.9,0.0,0.17,0.028900000000000006,12,[],results_submission/alfworld_interactive_v10_deepseek/traces/t4-g4f0380cbd7f3-provenance_value-m1.jsonl
4,4f0380cbd7f3,provenance_value,4,0,0.0,0.0,12,0,35435,0.1,0.9,0.0,0.17,0.028900000000000006,12,[],results_submission/alfworld_interactive_v10_deepseek/traces/t4-g4f0380cbd7f3-provenance_value-m4.jsonl
5,3656c4bff7d1,no_imagination,1,1,1.0,1.0,9,0,11876,0.2,0.95,0.0,0.05,0.9025,9,[],results_submission/alfworld_interactive_v10_deepseek/traces/t5-g3656c4bff7d1-no_imagination-m1.jsonl
5,3656c4bff7d1,no_imagination,4,1,1.0,1.0,9,0,11876,0.2,0.95,0.0,0.05,0.9025,9,[],results_submission/alfworld_interactive_v10_deepseek/traces/t5-g3656c4bff7d1-no_imagination-m4.jsonl
5,3656c4bff7d1,flat,1,0,0.0,0.0,12,2,64072,0.2,0.1,0.17916666666666667,0.25,0.0625,12,[],results_submission/alfworld_interactive_v10_deepseek/traces/t5-g3656c4bff7d1-flat-m1.jsonl
5,3656c4bff7d1,flat,4,0,0.0,0.0,12,2,82919,0.2,0.1,0.16249999999999998,0.25,0.0625,12,[],results_submission/alfworld_interactive_v10_deepseek/traces/t5-g3656c4bff7d1-flat-m4.jsonl
5,3656c4bff7d1,provenance_value,1,0,0.0,0.0,12,0,36756,0.2,0.1,0.0,0.16999999999999998,0.028899999999999995,12,[],results_submission/alfworld_interactive_v10_deepseek/traces/t5-g3656c4bff7d1-provenance_value-m1.jsonl
5,3656c4bff7d1,provenance_value,4,0,0.0,0.0,12,0,36756,0.2,0.1,0.0,0.16999999999999998,0.028899999999999995,12,[],results_submission/alfworld_interactive_v10_deepseek/traces/t5-g3656c4bff7d1-provenance_value-m4.jsonl
6,a9ab04b2ad1e,no_imagination,1,0,0.0,0.0,12,0,11957,0.1,0.35,0.0,0.05,0.0025000000000000005,12,[],results_submission/alfworld_interactive_v10_deepseek/traces/t6-ga9ab04b2ad1e-no_imagination-m1.jsonl
6,a9ab04b2ad1e,no_imagination,4,0,0.0,0.0,12,0,11957,0.1,0.35,0.0,0.05,0.0025000000000000005,12,[],results_submission/alfworld_interactive_v10_deepseek/traces/t6-ga9ab04b2ad1e-no_imagination-m4.jsonl
6,a9ab04b2ad1e,flat,1,0,0.0,0.0,12,0,50358,0.1,0.1,0.00833333333333335,0.4,0.16000000000000003,12,[],results_submission/alfworld_interactive_v10_deepseek/traces/t6-ga9ab04b2ad1e-flat-m1.jsonl
6,a9ab04b2ad1e,flat,4,0,0.0,0.0,12,0,69686,0.1,0.1,0.01666666666666668,0.4,0.16000000000000003,12,[],results_submission/alfworld_interactive_v10_deepseek/traces/t6-ga9ab04b2ad1e-flat-m4.jsonl
6,a9ab04b2ad1e,provenance_value,1,0,0.0,0.0,12,0,27581,0.1,0.1,0.0,0.17500000000000002,0.030625000000000006,12,[],results_submission/alfworld_interactive_v10_deepseek/traces/t6-ga9ab04b2ad1e-provenance_value-m1.jsonl
6,a9ab04b2ad1e,provenance_value,4,0,0.0,0.0,12,0,27581,0.1,0.1,0.0,0.17500000000000002,0.030625000000000006,12,[],results_submission/alfworld_interactive_v10_deepseek/traces/t6-ga9ab04b2ad1e-provenance_value-m4.jsonl
