method,duplication,n,p_true,belief_drift,action_flip_rate,reward,decision_regret,brier,tokens
flat,1,3,0.4425923333333333,-0.03888914814814814,0.0,1.467650964402092,0.6491596598272096,0.24630661934166662,733.0
flat,2,3,0.4425923333333333,-0.03888914814814814,0.0,1.467650964402092,0.6491596598272096,0.24630661934166662,1123.3333333333333
flat,4,3,0.5074073333333333,0.025925851851851856,0.3333333333333333,0.4765606852811825,0.0,0.3345270288066666,1957.6666666666667
flat,8,3,0.5226576666666667,0.041176185185185184,0.3333333333333333,0.4765606852811825,0.0,0.3589474943256666,3517.6666666666665
provenance_value,1,3,0.48148148148148145,0.0,0.3333333333333333,0.4765606852811825,0.0,0.3393281786207584,0.0
provenance_value,2,3,0.48148148148148145,0.0,0.3333333333333333,0.4765606852811825,0.0,0.3393281786207584,0.0
provenance_value,4,3,0.48148148148148145,0.0,0.3333333333333333,0.4765606852811825,0.0,0.3393281786207584,0.0
provenance_value,8,3,0.48148148148148145,0.0,0.3333333333333333,0.4765606852811825,0.0,0.3393281786207584,0.0
simple_dedup,1,3,0.5185186666666667,0.0370371851851852,0.6666666666666666,-0.09098205799431831,0.5749556121277042,0.2591768230453333,706.3333333333334
simple_dedup,2,3,0.5185186666666667,0.0370371851851852,0.6666666666666666,-0.09098205799431831,0.5749556121277042,0.2591768230453333,706.3333333333334
simple_dedup,4,3,0.5185186666666667,0.0370371851851852,0.6666666666666666,-0.09098205799431831,0.5749556121277042,0.2591768230453333,706.3333333333334
simple_dedup,8,3,0.5185186666666667,0.0370371851851852,0.6666666666666666,-0.09098205799431831,0.5749556121277042,0.2591768230453333,706.3333333333334
source_grouping,1,3,0.5185186666666667,0.0370371851851852,0.6666666666666666,-0.09098205799431831,0.5749556121277042,0.2591768230453333,750.6666666666666
source_grouping,2,3,0.5185186666666667,0.0370371851851852,0.6666666666666666,-0.09098205799431831,0.5749556121277042,0.2591768230453333,750.6666666666666
source_grouping,4,3,0.5185186666666667,0.0370371851851852,0.6666666666666666,-0.09098205799431831,0.5749556121277042,0.2591768230453333,750.6666666666666
source_grouping,8,3,0.5185186666666667,0.0370371851851852,0.6666666666666666,-0.09098205799431831,0.5749556121277042,0.2591768230453333,750.6666666666666
trajectory_average,1,3,0.5185186666666667,0.0370371851851852,0.6666666666666666,-0.09098205799431831,0.5749556121277042,0.2591768230453333,706.0
trajectory_average,2,3,0.5148146666666668,0.033333185185185216,0.3333333333333333,0.4765606852811825,0.0,0.3462141563786667,1123.0
trajectory_average,4,3,0.4425923333333333,-0.03888914814814814,0.3333333333333333,0.4765606852811825,0.0,0.24630661934166662,1936.6666666666667
trajectory_average,8,3,0.5226576666666667,0.041176185185185184,0.0,1.467650964402092,0.6491596598272096,0.3589474943256666,3517.6666666666665
